-- MySQL dump 10.13  Distrib 8.0.19, for Win64 (x86_64)
--
-- Host: localhost    Database: os_system
-- ------------------------------------------------------
-- Server version	8.0.40

/*!40101 SET @OLD_CHARACTER_SET_CLIENT=@@CHARACTER_SET_CLIENT */;
/*!40101 SET @OLD_CHARACTER_SET_RESULTS=@@CHARACTER_SET_RESULTS */;
/*!40101 SET @OLD_COLLATION_CONNECTION=@@COLLATION_CONNECTION */;
/*!50503 SET NAMES utf8mb4 */;
/*!40103 SET @OLD_TIME_ZONE=@@TIME_ZONE */;
/*!40103 SET TIME_ZONE='+00:00' */;
/*!40014 SET @OLD_UNIQUE_CHECKS=@@UNIQUE_CHECKS, UNIQUE_CHECKS=0 */;
/*!40014 SET @OLD_FOREIGN_KEY_CHECKS=@@FOREIGN_KEY_CHECKS, FOREIGN_KEY_CHECKS=0 */;
/*!40101 SET @OLD_SQL_MODE=@@SQL_MODE, SQL_MODE='NO_AUTO_VALUE_ON_ZERO' */;
/*!40111 SET @OLD_SQL_NOTES=@@SQL_NOTES, SQL_NOTES=0 */;

--
-- Table structure for table `sys_config`
--

DROP TABLE IF EXISTS `sys_config`;
/*!40101 SET @saved_cs_client     = @@character_set_client */;
/*!50503 SET character_set_client = utf8mb4 */;
CREATE TABLE `sys_config` (
  `id` bigint NOT NULL COMMENT '主键ID',
  `config_type` tinyint NOT NULL DEFAULT '1' COMMENT '配置类型(1:站点信息，2:系统信息、3:其他)',
  `content_type` tinyint NOT NULL DEFAULT '1' COMMENT '内容类型(1:文本、2:富文本、3图片、4布尔、5枚举)',
  `config_name` varchar(255) CHARACTER SET utf8mb4 COLLATE utf8mb4_0900_ai_ci NOT NULL COMMENT '参数名称',
  `config_key` varchar(255) CHARACTER SET utf8mb4 COLLATE utf8mb4_0900_ai_ci NOT NULL COMMENT '参数键名',
  `config_value` text CHARACTER SET utf8mb4 COLLATE utf8mb4_0900_ai_ci NOT NULL COMMENT '参数键值',
  `config_show` bit(1) NOT NULL DEFAULT b'1' COMMENT '配置展示(0:隐藏、1:显示)',
  `remark` varchar(255) CHARACTER SET utf8mb4 COLLATE utf8mb4_0900_ai_ci DEFAULT NULL COMMENT '备注',
  `sort` int NOT NULL DEFAULT '100' COMMENT '排序，默认值:100',
  `gmt_create` datetime NOT NULL DEFAULT CURRENT_TIMESTAMP COMMENT '创建时间',
  `gmt_modified` datetime NOT NULL DEFAULT CURRENT_TIMESTAMP ON UPDATE CURRENT_TIMESTAMP COMMENT '修改时间',
  PRIMARY KEY (`id`) USING BTREE,
  UNIQUE KEY `ak_configkey` (`config_key`) USING BTREE COMMENT '参数键名'
) ENGINE=InnoDB DEFAULT CHARSET=utf8mb4 COLLATE=utf8mb4_0900_ai_ci ROW_FORMAT=DYNAMIC COMMENT='系统配置';
/*!40101 SET character_set_client = @saved_cs_client */;

--
-- Dumping data for table `sys_config`
--

LOCK TABLES `sys_config` WRITE;
/*!40000 ALTER TABLE `sys_config` DISABLE KEYS */;
INSERT INTO `sys_config` VALUES (101,1,1,'网站域名','websiteDomain','http://localhost/',_binary '','网站主域名，注意以斜杠结尾',1,'2021-12-10 14:28:29','2024-06-04 11:10:16'),(102,1,1,'网站名称','websiteName','在线防灾教育系统',_binary '','网站名称',2,'2022-06-18 17:29:48','2025-03-14 16:03:05'),(103,1,3,'网站LOGO','websiteLogo','http://127.0.0.1:9000/education/public/226a73f2065c4908823388f45c175860.png',_binary '','网站LOGO带文字和图标，建议尺寸 510×108px',10,'2022-02-18 14:57:23','2025-03-14 16:04:37'),(104,1,3,'网站ICON','websiteIcon','http://127.0.0.1:9000/education/public/226a73f2065c4908823388f45c175860.png',_binary '','网站ICON，建议尺寸 64×64px',30,'2022-02-18 14:55:47','2025-03-14 16:04:42'),(105,1,1,'网站描述','websiteDesc','在线防灾教育系统是依托数字技术打造的综合性安全教育平台，旨在通过多媒体课程、虚拟演练和智能评估等方式，提升公众应对自然灾害及突发事件的应急能力。系统涵盖地震、火灾、洪水等灾害知识库，结合 3D 场景模拟逃生路径选择、急救操作等实战训练，支持 PC 端与移动端多设备访问。平台采用 AI 算法分析用户学习行为，提供个性化风险预警与防灾建议，并整合政府应急部门数据，实时更新灾害预警信息。其核心优势在于打破传统教育的时空限制，通过互动化、游戏化的学习模式增强公众防灾意识，助力社区、学校及企事业单位构建科学防灾体系。',_binary '','用于在店铺登录页面底部展示，例如：“**科技·知识产品与用户服务的数字化工具”',40,'2022-02-18 16:40:27','2025-03-14 16:05:50'),(106,1,1,'网站版权','websiteCopyright','© 2025-牛逼技术有限公司',_binary '','例如：“Copyright © 2015-现在 ******网络技术有限公司 All Rights Reserved”',50,'2022-02-18 16:32:40','2025-03-14 16:06:21'),(107,1,1,'网站ICP','websiteIcp','粤ICP备99999999号 -1',_binary '','例如：“粤ICP备********号-1”',60,'2022-02-18 16:34:32','2025-03-14 16:06:30'),(108,1,1,'公安部备案号','websitePrn','粤公网安备9999999号',_binary '','公安部备案号',70,'2022-03-22 11:47:44','2025-03-14 16:06:36'),(110,1,2,'网站用户协议','websiteUserAgreement','<p style=\"text-align: left;\"><span style=\"color: rgba(0, 0, 0, 0.85); background-color: rgb(255, 255, 255); font-size: 16px;\">在线防灾教育系统是依托数字技术打造的综合性安全教育平台，旨在通过多媒体课程、虚拟演练和智能评估等方式，提升公众应对自然灾害及突发事件的应急能力。系统涵盖地震、火灾、洪水等灾害知识库，结合 3D 场景模拟逃生路径选择、急救操作等实战训练，支持 PC 端与移动端多设备访问。平台采用 AI 算法分析用户学习行为，提供个性化风险预警与防灾建议，并整合政府应急部门数据，实时更新灾害预警信息。其核心优势在于打破传统教育的时空限制，通过互动化、游戏化的学习模式增强公众防灾意识，助力社区、学校及企事业单位构建科学防灾体系。</span></p>',_binary '\0','网站用户协议',100,'2022-09-24 14:47:36','2025-03-14 16:06:46'),(210,2,1,'RSA公钥(登录密码)','rsaLoginPublicKey','MIGfMA0GCSqGSIb3DQEBAQUAA4GNADCBiQKBgQDLS9XookvITHnySmEFACRKpKZoAoQ8cOEh4KzbLNLN0KhoAqJ4XCx9f1mAk6+TH8EUG48JAEIsGX9RnXi4OFJsRWcwweNi1l/SMwYYzimVSZGb0jwqjOMr52RPpfrKIXBx9Fyi9FAaosW/ndxcGEvPamT30Yq0IAUGHC0alOUVbQIDAQAB',_binary '\0','用于登录密码加密，前端使用',110,'2022-09-24 14:47:36','2024-05-27 14:12:39'),(211,2,1,'RSA私钥(登录密码)','rsaLoginPrivateKey','MIICeAIBADANBgkqhkiG9w0BAQEFAASCAmIwggJeAgEAAoGBAMtL1eiiS8hMefJKYQUAJEqkpmgChDxw4SHgrNss0s3QqGgConhcLH1/WYCTr5MfwRQbjwkAQiwZf1GdeLg4UmxFZzDB42LWX9IzBhjOKZVJkZvSPCqM4yvnZE+l+sohcHH0XKL0UBqixb+d3FwYS89qZPfRirQgBQYcLRqU5RVtAgMBAAECgYAElinVurWlfPjiWxm8bGVP4XjspKPkSN1Xb5N5dWstyrebSHXvFmXy5eONzPyGKqOnRxDk0IKYWUc//uLD8JIGxivoiHHNS6qBUV71v+0zT/Xup6O3FUpCOJvq7tIhXL1j2s5TlPhgjPT7Apjm67Zn9btbnQzlWEdrhv0kZJOWGQJBAPIBs5Gp+L/KzLQyO0MBD5Fr/F4eypAMJrJc3yr4wiue9CmSZi4+GJxJZSgUv40mWoXwjYhgSNkHU+JEzILKGPUCQQDXDR+/cEWw+/SI7CumFwmJW29AOXiwGD+Xm4X+tlZ45fo+tC5/AQW0U3gu5QcMG17LF7Y1Zby5JQDcg1egrJ+ZAkEAy/rBJyrT3pyJ8+xO5QgU3ibdvVtIsyd6ymXbOLYZu3isJgoelCWEyt5WI/VxCwDj1fdO5D77x+oUOyhwFGFRrQJBAJUbBGg38BpGl8ZX+euvDW2vd/OP5Z4zMeRscPuqcUpiKqBPTe3BR7NALJRXOAus7oziY/OiFrhIb9B1QMym5AECQQDGX1pDiYZ2THA41d+og8CNhJ570IcuNSuSJu0hdM6iIkl8nb7WtCZ7WoPv8vQBhl0AQ/we2D598JpUjVibm4Fr',_binary '\0','用于登录密码解密，后端使用',120,'2022-09-24 14:47:36','2024-05-27 14:12:44'),(221,2,4,'微信登录(网站应用)','wxPcLoginEnable','0',_binary '','开启后，用户可以在PC端使用微信进行扫码登录',221,'2022-09-24 14:47:36','2024-06-04 11:10:33'),(222,2,1,'网站应用App ID','wxPcLoginAppId','-',_binary '','微信开放平台的网站应用中获取',222,'2022-09-24 14:47:36','2024-06-04 11:10:30'),(223,2,1,'网站应用App Secret','wxPcLoginAppSecret','-',_binary '\0','微信开放平台的网站应用中获取',223,'2022-09-24 14:47:36','2024-06-04 11:10:32'),(231,2,4,'微信登录(公众号)','wxMpLoginEnable','0',_binary '\0','开启后，用户可以在微信浏览器内进行微信授权登录',231,'2022-09-24 14:47:36','2024-05-29 09:35:01'),(232,2,1,'公众号App ID','wxMpLoginAppId','-',_binary '','微信公众号App ID',232,'2022-09-24 14:47:36','2024-06-01 10:12:15'),(233,2,1,'公众号App Secret','wxMpLoginAppSecret','-',_binary '\0','微信公众号App Secret',233,'2022-09-24 14:47:36','2024-06-01 10:12:17'),(241,2,4,'微信登录(小程序)','wxMaLoginEnable','0',_binary '\0','开启后，用户可以在微信小程序内进行微信授权登录',241,'2022-09-24 14:47:36','2024-05-29 09:35:02'),(242,2,1,'小程序App ID','wxMaLoginAppId','-',_binary '','微信小程序App ID',242,'2022-09-24 14:47:36','2024-06-01 10:12:20'),(243,2,1,'小程序App Secret','wxMaLoginAppSecret','-',_binary '\0','微信小程序App Secret',243,'2022-09-24 14:47:36','2024-06-01 10:12:22'),(300,3,5,'点播平台','vodPlatform','2',_binary '','默认点播平台',1,'2021-12-10 14:18:25','2025-03-14 14:55:41'),(301,3,1,'【保利威】User ID','polyvUserId','a2f150d4a7',_binary '','【保利威】UserId',20,'2021-12-10 14:33:40','2025-03-14 15:24:23'),(302,3,1,'【保利威】点播Write Token','polyvWriteToken','e9cbfa13-bb0e-4d73-b089-9bdc8183a733',_binary '','【保利威】Write Token',30,'2021-12-10 14:34:45','2025-03-14 15:24:29'),(303,3,1,'【保利威】点播Read Token','polyvReadToken','6301a2c7-b91b-4cac-9150-58deb0422072',_binary '','【保利威】Read Token',40,'2021-12-10 14:35:46','2025-03-14 15:24:41'),(304,3,1,'【保利威】点播Secret Key','polyvSecretKey','DwLQ7w1KnP',_binary '','【保利威】Secret Key',50,'2021-12-10 14:37:58','2025-03-14 15:24:48'),(305,3,1,'【百家云】伙伴ID','baijyPartnerId','-',_binary '','百家云伙伴ID',110,'2021-12-10 14:42:36','2022-09-11 12:13:00'),(306,3,1,'【百家云】伙伴秘钥','baijyPartnerKey','-',_binary '','百家云伙伴秘钥',120,'2021-12-10 14:43:14','2022-09-11 12:13:03'),(307,3,1,'【百家云】安全秘钥','baijySecretKey','-',_binary '','百家云安全秘钥',130,'2021-12-10 14:43:38','2022-09-11 12:13:06'),(311,3,1,'【保利威】AppID','polyvAppId','h5gq3pfmor',_binary '','【保利威】AppID',60,'2023-02-19 13:45:23','2025-03-14 15:24:54'),(312,3,1,'【保利威】AppSecret','polyvAppSecret','b6cb288b74b1443aad4b162d71abd68f',_binary '','【保利威】AppSecret',70,'2023-02-19 13:46:27','2025-03-14 15:24:59'),(320,3,1,'【领课云】Url','priyUrl','-',_binary '','【领课云】接口地址，独立收费应用，请联系作者',100,'2023-03-25 21:56:26','2024-06-04 11:10:43'),(321,3,1,'【领课云】AccessKeyId','priyAccessKeyId','-',_binary '','【领课云】AccessKeyId，独立收费应用，请联系作者',110,'2023-03-25 21:56:52','2024-06-04 11:10:46'),(322,3,1,'【领课云】AccessKeySecret','priyAccessKeySecret','-',_binary '','【领课云】AccessKeySecret，独立收费应用，请联系作者',120,'2023-03-25 21:57:07','2024-06-04 11:10:49'),(400,4,5,'存储平台','storagePlatform','2',_binary '','默认存储平台',1,'2021-12-10 14:21:48','2024-04-13 21:56:55'),(401,4,1,'【阿里云】存储Key ID','aliyunAccessKeyId','-',_binary '','阿里云存储 AccessKeyId',10,'2021-12-10 14:48:57','2022-10-09 08:50:58'),(402,4,1,'【阿里云】存储Key Secret','aliyunAccessKeySecret','-',_binary '','阿里云存储 AccessKeySecret',20,'2021-12-10 14:54:30','2022-10-09 08:50:56'),(403,4,1,'【阿里云】存储Endpoint','aliyunOssEndpoint','-',_binary '','阿里云存储 Endpoint',40,'2021-12-10 14:58:17','2023-05-10 10:18:32'),(404,4,1,'【阿里云】存储Bucket','aliyunOssBucket','-',_binary '','阿里云存储Bucket',50,'2021-12-10 15:00:26','2023-06-05 16:28:16'),(405,4,1,'【阿里云】存储Bucket域名','aliyunOssUrl','-',_binary '','阿里云存访问域名，文件访问，注意以斜杠结尾',60,'2021-12-10 15:01:05','2023-06-05 16:28:12'),(411,4,1,'【MinIO】存储Key ID','minioAccessKey','minioadmin',_binary '','MinIo存储 AccessKeyId',10,'2022-11-14 17:26:35','2024-06-04 11:11:43'),(412,4,1,'【MinIO】存储Key Secret','minioSecretKey','minioadmin',_binary '','MinIo存储 AccessKeySecret',20,'2022-11-14 17:26:49','2024-06-04 11:11:46'),(413,4,1,'【MinIO】存储Endpoint','minioEndpoint','http://127.0.0.1:9000',_binary '','MinIo存储 Endpoint',40,'2022-11-14 17:26:12','2024-06-04 11:12:08'),(414,4,1,'【MinIO】存储Bucket','minioBucket','education',_binary '','MinIo存储Bucket',50,'2022-07-28 17:22:32','2024-06-04 11:12:28'),(415,4,1,'【MinIO】存储访问域名','minioDomain','http://127.0.0.1:9000/',_binary '','MinIO存储访问域名，文件访问，注意以斜杠结尾',60,'2021-12-10 14:47:55','2024-06-04 11:12:14'),(416,4,1,'【MinIO】文档预览地址','minioPreviewUrl','https://file.kkview.cn/',_binary '','文档预览地址，注意以斜杠结尾',70,'2021-12-10 14:47:55','2024-06-05 20:03:49'),(501,5,5,'短信平台','smsPlatform','2',_binary '','默认短信平台',1,'2021-12-10 14:23:37','2025-03-14 16:07:03'),(504,5,1,'【领课云】短信签名','lkyunSmsSignName','领课网络',_binary '','短信签名',60,'2021-12-13 10:21:35','2022-11-14 17:31:23'),(505,5,1,'【领课云】Key ID','lkyunSmsAccessKeyId','-',_binary '','领课云AccessKeyId',310,'2021-12-10 15:06:14','2024-06-04 11:12:39'),(506,5,1,'【领课云】Key Secret','lkyunSmsAccessKeySecret','-',_binary '','领课云AccessKeySecret',320,'2021-12-10 15:06:55','2024-06-04 11:12:42'),(507,5,1,'【领课云】验证码短信Code','lkyunSmsAuthCode','-',_binary '','短信模板：您的验证码NULL，该验证码5分钟内有效，请勿泄漏于他人！',340,'2021-12-13 10:17:41','2024-06-04 11:12:45'),(508,5,1,'【领课云】课程购买成功Code','lkyunSmsPurchaseCode','-',_binary '','短信模板：您的订单号为：NULL，成功购买了课程《NULL》',340,'2021-12-13 10:17:41','2024-06-04 11:12:45'),(510,5,1,'【阿里云】短信签名','aliyunSmsSignName','领课网络',_binary '','短信签名',10,'2021-12-10 15:05:10','2024-06-05 19:51:29'),(511,5,1,'【阿里云】短信Key ID','aliyunSmsAccessKeyId','-',_binary '','阿里云AccessKeyId',30,'2021-12-10 15:09:38','2024-04-13 21:56:35'),(512,5,1,'【阿里云】短信Key Secret','aliyunSmsAccessKeySecret','-',_binary '','阿里云云AccessKeySecret',31,'2021-12-10 15:06:55','2024-06-05 19:51:02'),(513,5,1,'【阿里云】验证码短信Code','aliyunSmsAuthCode','-',_binary '','短信模板：您的验证码NULL，该验证码5分钟内有效，请勿泄漏于他人！',50,'2021-12-10 15:11:43','2024-06-05 19:51:05'),(514,5,1,'【阿里云】课程购买成功Code','aliyunSmsPurchaseCode','-',_binary '','短信模板：您的验证码NULL，该验证码5分钟内有效，请勿泄漏于他人！',50,'2021-12-10 15:11:43','2024-06-05 19:51:05'),(601,6,1,'【支付宝支付】应用ID','aliPayAppId','-',_binary '','支付宝App Id',20,'2022-03-03 15:23:43','2024-06-04 11:12:50'),(602,6,1,'【支付宝支付】商户私钥','aliPayAppPrivateKey','-',_binary '\0','支付宝App Private Key',40,'2022-03-03 15:25:47','2024-06-04 11:12:54'),(603,6,1,'【支付宝支付】公钥','aliPayPublicKey','-',_binary '\0','支付宝Public Key',50,'2022-03-03 15:26:26','2024-06-04 11:12:59'),(604,6,1,'【微信支付】商户ID','wxPayMchId','-',_binary '','微信支付Mch Id',70,'2022-03-03 15:17:40','2022-09-22 16:29:45'),(605,6,1,'【微信支付】应用ID','wxPayAppId','-',_binary '','微信支付App Id',80,'2022-03-03 14:52:20','2022-09-22 16:29:43'),(606,6,1,'【微信支付】商户证书','wxPayMchPrivateCert','-',_binary '\0','微信支付商户证书',90,'2022-03-03 15:19:35','2022-09-22 16:29:41'),(607,6,1,'【微信支付】商户私钥','wxPayWxMchPrivateKey','-',_binary '\0','微信支付Mch Private Key',100,'2022-03-03 15:18:36','2022-09-22 16:29:38'),(608,6,1,'【微信支付】API V3 Key','wxPayApiV3Key','-',_binary '','微信支付API秘钥(V3 Key)',110,'2022-03-03 15:20:39','2022-09-22 16:29:36');
/*!40000 ALTER TABLE `sys_config` ENABLE KEYS */;
UNLOCK TABLES;

--
-- Table structure for table `sys_log`
--

DROP TABLE IF EXISTS `sys_log`;
/*!40101 SET @saved_cs_client     = @@character_set_client */;
/*!50503 SET character_set_client = utf8mb4 */;
CREATE TABLE `sys_log` (
  `id` bigint unsigned NOT NULL COMMENT '主键',
  `gmt_create` datetime NOT NULL DEFAULT CURRENT_TIMESTAMP COMMENT '创建时间',
  `user_id` bigint unsigned NOT NULL DEFAULT '0' COMMENT '操作人ID',
  `operation` varchar(255) CHARACTER SET utf8mb4 COLLATE utf8mb4_0900_ai_ci DEFAULT '' COMMENT '用户操作',
  `method` varchar(255) CHARACTER SET utf8mb4 COLLATE utf8mb4_0900_ai_ci DEFAULT '' COMMENT '请求方法',
  `path` varchar(255) CHARACTER SET utf8mb4 COLLATE utf8mb4_0900_ai_ci DEFAULT '' COMMENT '请求路径',
  `content` varchar(5000) CHARACTER SET utf8mb4 COLLATE utf8mb4_0900_ai_ci DEFAULT '' COMMENT '请求参数',
  `login_ip` varchar(255) CHARACTER SET utf8mb4 COLLATE utf8mb4_0900_ai_ci DEFAULT NULL COMMENT '登录IP',
  `country` varchar(100) CHARACTER SET utf8mb4 COLLATE utf8mb4_0900_ai_ci NOT NULL DEFAULT '' COMMENT '国家',
  `province` varchar(100) CHARACTER SET utf8mb4 COLLATE utf8mb4_0900_ai_ci NOT NULL DEFAULT '' COMMENT '省',
  `city` varchar(100) CHARACTER SET utf8mb4 COLLATE utf8mb4_0900_ai_ci NOT NULL DEFAULT '' COMMENT '市',
  `browser` varchar(100) CHARACTER SET utf8mb4 COLLATE utf8mb4_0900_ai_ci NOT NULL DEFAULT '' COMMENT '浏览器',
  `os` varchar(100) CHARACTER SET utf8mb4 COLLATE utf8mb4_0900_ai_ci NOT NULL DEFAULT '' COMMENT '操作系统',
  PRIMARY KEY (`id`) USING BTREE
) ENGINE=InnoDB DEFAULT CHARSET=utf8mb4 COLLATE=utf8mb4_0900_ai_ci ROW_FORMAT=DYNAMIC COMMENT='后台操作日志表';
/*!40101 SET character_set_client = @saved_cs_client */;

--
-- Dumping data for table `sys_log`
--

LOCK TABLES `sys_log` WRITE;
/*!40000 ALTER TABLE `sys_log` DISABLE KEYS */;
INSERT INTO `sys_log` VALUES (1900433993528455169,'2025-03-14 14:29:07',2,'上传图片','POST','/system/admin/upload/pic','[{}]','0:0:0:0:0:0:0:1','','福建省','厦门市','MSEdge','Windows'),(1900433994941935617,'2025-03-14 14:29:07',2,'课程视频信息添加','POST','/course/admin/resource/save','[{\"resourceName\":\"2bb11e02755f5440d39e81d349c1a0aa_1.jpg\",\"resourceType\":4,\"resourceSize\":42620,\"resourceUrl\":\"http://127.0.0.1:9000/education/public/7ef4958c27ee464d88dec8e1a5564fe5.jpg\",\"imgWidth\":553,\"imgHeight\":553}]','0:0:0:0:0:0:0:1','','福建省','厦门市','MSEdge','Windows'),(1900434105080164353,'2025-03-14 14:29:33',2,'课程信息添加','POST','/course/admin/course/save','[{\"lecturerId\":1568540063406608386,\"categoryId\":1248244148498632705,\"courseName\":\"1\",\"courseLogo\":\"http://127.0.0.1:9000/education/public/7ef4958c27ee464d88dec8e1a5564fe5.jpg\",\"introduce\":\"<p><br></p>\",\"isFree\":1,\"coursePrice\":0,\"rulingPrice\":0,\"isPutaway\":1,\"speedDouble\":1,\"speedDrag\":1}]','0:0:0:0:0:0:0:1','','福建省','厦门市','MSEdge','Windows'),(1900434244263948289,'2025-03-14 14:30:06',2,'获取上传音视频参数','GET','/course/admin/resource/vod/config','','0:0:0:0:0:0:0:1','','福建省','厦门市','MSEdge','Windows'),(1900434732090863618,'2025-03-14 14:32:03',2,'课时信息添加','POST','/course/admin/course/chapter/period/save','[{\"courseId\":1900434105084362754,\"chapterId\":1900434105151471617,\"periodName\":\"演示视频1.mp4\",\"resourceId\":1570254977909227521}]','0:0:0:0:0:0:0:1','','福建省','厦门市','MSEdge','Windows'),(1900434803909931010,'2025-03-14 14:32:20',2,'获取上传音视频参数','GET','/course/admin/resource/vod/config','','0:0:0:0:0:0:0:1','','福建省','厦门市','MSEdge','Windows'),(1900436346285535233,'2025-03-14 14:38:28',2,'ES同步','GET','/course/admin/course/es','','0:0:0:0:0:0:0:1','','福建省','厦门市','MSEdge','Windows'),(1900437032544972801,'2025-03-14 14:41:11',2,'获取上传音视频参数','GET','/course/admin/resource/vod/config','','0:0:0:0:0:0:0:1','','福建省','厦门市','MSEdge','Windows'),(1900438877426364417,'2025-03-14 14:48:31',2,'获取上传音视频参数','GET','/course/admin/resource/vod/config','','0:0:0:0:0:0:0:1','','福建省','厦门市','MSEdge','Windows'),(1900440680800923649,'2025-03-14 14:55:41',2,'系统配置修改','PUT','/system/admin/sys/config/edit','[{\"id\":300,\"configType\":3,\"contentType\":5,\"configName\":\"点播平台\",\"configKey\":\"vodPlatform\",\"configValue\":\"2\",\"configShow\":true,\"remark\":\"默认点播平台\",\"sort\":1}]','0:0:0:0:0:0:0:1','','福建省','厦门市','MSEdge','Windows'),(1900447903316914177,'2025-03-14 15:24:23',2,'系统配置修改','PUT','/system/admin/sys/config/edit','[{\"id\":301,\"configType\":3,\"contentType\":1,\"configName\":\"【保利威】User ID\",\"configKey\":\"polyvUserId\",\"configValue\":\"a2f150d4a7\",\"configShow\":true,\"remark\":\"【保利威】UserId\",\"sort\":20}]','0:0:0:0:0:0:0:1','','福建省','厦门市','MSEdge','Windows'),(1900447927031508993,'2025-03-14 15:24:29',2,'系统配置修改','PUT','/system/admin/sys/config/edit','[{\"id\":302,\"configType\":3,\"contentType\":1,\"configName\":\"【保利威】点播Write Token\",\"configKey\":\"polyvWriteToken\",\"configValue\":\"e9cbfa13-bb0e-4d73-b089-9bdc8183a733\",\"configShow\":true,\"remark\":\"【保利威】Write Token\",\"sort\":30}]','0:0:0:0:0:0:0:1','','福建省','厦门市','MSEdge','Windows'),(1900447980102037505,'2025-03-14 15:24:41',2,'系统配置修改','PUT','/system/admin/sys/config/edit','[{\"id\":303,\"configType\":3,\"contentType\":1,\"configName\":\"【保利威】点播Read Token\",\"configKey\":\"polyvReadToken\",\"configValue\":\"6301a2c7-b91b-4cac-9150-58deb0422072\",\"configShow\":true,\"remark\":\"【保利威】Read Token\",\"sort\":40}]','0:0:0:0:0:0:0:1','','福建省','厦门市','MSEdge','Windows'),(1900448006664564738,'2025-03-14 15:24:48',2,'系统配置修改','PUT','/system/admin/sys/config/edit','[{\"id\":304,\"configType\":3,\"contentType\":1,\"configName\":\"【保利威】点播Secret Key\",\"configKey\":\"polyvSecretKey\",\"configValue\":\"DwLQ7w1KnP\",\"configShow\":true,\"remark\":\"【保利威】Secret Key\",\"sort\":50}]','0:0:0:0:0:0:0:1','','福建省','厦门市','MSEdge','Windows'),(1900448031926857730,'2025-03-14 15:24:54',2,'系统配置修改','PUT','/system/admin/sys/config/edit','[{\"id\":311,\"configType\":3,\"contentType\":1,\"configName\":\"【保利威】AppID\",\"configKey\":\"polyvAppId\",\"configValue\":\"h5gq3pfmor\",\"configShow\":true,\"remark\":\"【保利威】AppID\",\"sort\":60}]','0:0:0:0:0:0:0:1','','福建省','厦门市','MSEdge','Windows'),(1900448053028401154,'2025-03-14 15:24:59',2,'系统配置修改','PUT','/system/admin/sys/config/edit','[{\"id\":312,\"configType\":3,\"contentType\":1,\"configName\":\"【保利威】AppSecret\",\"configKey\":\"polyvAppSecret\",\"configValue\":\"b6cb288b74b1443aad4b162d71abd68f\",\"configShow\":true,\"remark\":\"【保利威】AppSecret\",\"sort\":70}]','0:0:0:0:0:0:0:1','','福建省','厦门市','MSEdge','Windows'),(1900448303608705026,'2025-03-14 15:25:58',2,'视频云初始化设置','GET','/system/admin/sys/config/video/init','','0:0:0:0:0:0:0:1','','福建省','厦门市','MSEdge','Windows'),(1900448412224401410,'2025-03-14 15:26:24',2,'获取上传音视频参数','GET','/course/admin/resource/vod/config','','0:0:0:0:0:0:0:1','','福建省','厦门市','MSEdge','Windows'),(1900449039608393729,'2025-03-14 15:28:54',2,'视频云初始化设置','GET','/system/admin/sys/config/video/init','','0:0:0:0:0:0:0:1','','福建省','厦门市','MSEdge','Windows'),(1900449166049882114,'2025-03-14 15:29:24',2,'获取上传音视频参数','GET','/course/admin/resource/vod/config','','0:0:0:0:0:0:0:1','','福建省','厦门市','MSEdge','Windows'),(1900450089547542529,'2025-03-14 15:33:04',2,'获取上传音视频参数','GET','/course/admin/resource/vod/config','','0:0:0:0:0:0:0:1','','福建省','厦门市','MSEdge','Windows'),(1900450489025638402,'2025-03-14 15:34:39',2,'视频云初始化设置','GET','/system/admin/sys/config/video/init','','0:0:0:0:0:0:0:1','','福建省','厦门市','MSEdge','Windows'),(1900451151734046722,'2025-03-14 15:37:17',2,'获取上传音视频参数','GET','/course/admin/resource/vod/config','','0:0:0:0:0:0:0:1','','福建省','厦门市','MSEdge','Windows'),(1900451185238147073,'2025-03-14 15:37:25',2,'课程视频信息添加','POST','/course/admin/resource/save','[{\"resourceName\":\"1.mp4\",\"resourceType\":1,\"resourceSize\":23438022,\"videoVid\":\"a2f150d4a704cd2531450109508ebd66_a\"}]','0:0:0:0:0:0:0:1','','福建省','厦门市','MSEdge','Windows'),(1900451380982120449,'2025-03-14 15:38:12',2,'分类删除','DELETE','/course/admin/category/delete','[1753301364262375426]','0:0:0:0:0:0:0:1','','福建省','厦门市','MSEdge','Windows'),(1900451398002606082,'2025-03-14 15:38:16',2,'分类删除','DELETE','/course/admin/category/delete','[1772983255387185154]','0:0:0:0:0:0:0:1','','福建省','厦门市','MSEdge','Windows'),(1900451406542209025,'2025-03-14 15:38:18',2,'分类删除','DELETE','/course/admin/category/delete','[1772983087241732098]','0:0:0:0:0:0:0:1','','福建省','厦门市','MSEdge','Windows'),(1900451463928676353,'2025-03-14 15:38:32',2,'课程视频信息添加','POST','/course/admin/resource/save','[{\"resourceName\":\"2.mp4\",\"resourceType\":1,\"resourceSize\":29650798,\"videoVid\":\"a2f150d4a7c2dd1bc6f64c5ec195a13f_a\"}]','0:0:0:0:0:0:0:1','','福建省','厦门市','MSEdge','Windows'),(1900451654056476674,'2025-03-14 15:39:17',2,'课时信息删除','DELETE','/course/admin/course/chapter/period/delete','[1900434732153782274]','0:0:0:0:0:0:0:1','','福建省','厦门市','MSEdge','Windows'),(1900451678249222146,'2025-03-14 15:39:23',2,'课时信息添加','POST','/course/admin/course/chapter/period/save','[{\"courseId\":1900434105084362754,\"chapterId\":1900434105151471617,\"periodName\":\"1.mp4\",\"resourceId\":1900451185485606913}]','0:0:0:0:0:0:0:1','','福建省','厦门市','MSEdge','Windows'),(1900453491954352130,'2025-03-14 15:46:35',2,'ES同步','GET','/course/admin/course/es','','0:0:0:0:0:0:0:1','','福建省','厦门市','MSEdge','Windows'),(1900454780981411842,'2025-03-14 15:51:43',2,'课程信息删除','DELETE','/course/admin/course/delete','[1780049877671153666]','0:0:0:0:0:0:0:1','','福建省','厦门市','MSEdge','Windows'),(1900454791987265537,'2025-03-14 15:51:45',2,'课程信息删除','DELETE','/course/admin/course/delete','[1248882669827706881]','0:0:0:0:0:0:0:1','','福建省','厦门市','MSEdge','Windows'),(1900454809834029057,'2025-03-14 15:51:50',2,'课程信息删除','DELETE','/course/admin/course/delete','[1080758482462511106]','0:0:0:0:0:0:0:1','','福建省','厦门市','MSEdge','Windows'),(1900454821057986561,'2025-03-14 15:51:52',2,'课程信息删除','DELETE','/course/admin/course/delete','[1248473637832937473]','0:0:0:0:0:0:0:1','','福建省','厦门市','MSEdge','Windows'),(1900454831547940865,'2025-03-14 15:51:55',2,'课程信息删除','DELETE','/course/admin/course/delete','[1080756535567257601]','0:0:0:0:0:0:0:1','','福建省','厦门市','MSEdge','Windows'),(1900454840892850178,'2025-03-14 15:51:57',2,'课程信息删除','DELETE','/course/admin/course/delete','[1249286274804142081]','0:0:0:0:0:0:0:1','','福建省','厦门市','MSEdge','Windows'),(1900455040894042113,'2025-03-14 15:52:45',2,'课程信息删除','DELETE','/course/admin/course/delete','[1080759102707798018]','0:0:0:0:0:0:0:1','','福建省','厦门市','MSEdge','Windows'),(1900455050784210945,'2025-03-14 15:52:47',2,'课程信息删除','DELETE','/course/admin/course/delete','[1080759557655564289]','0:0:0:0:0:0:0:1','','福建省','厦门市','MSEdge','Windows'),(1900455063463591938,'2025-03-14 15:52:50',2,'课程信息删除','DELETE','/course/admin/course/delete','[1246446673697738753]','0:0:0:0:0:0:0:1','','福建省','厦门市','MSEdge','Windows'),(1900457645414219778,'2025-03-14 16:03:06',2,'系统配置修改','PUT','/system/admin/sys/config/edit','[{\"id\":102,\"configType\":1,\"contentType\":1,\"configName\":\"网站名称\",\"configKey\":\"websiteName\",\"configValue\":\"在线防灾教育系统\",\"configShow\":true,\"remark\":\"网站名称\",\"sort\":2}]','0:0:0:0:0:0:0:1','','福建省','厦门市','MSEdge','Windows'),(1900458007760142337,'2025-03-14 16:04:32',2,'上传图片','POST','/system/admin/upload/pic','[{}]','0:0:0:0:0:0:0:1','','福建省','厦门市','MSEdge','Windows'),(1900458010880704513,'2025-03-14 16:04:33',2,'课程视频信息添加','POST','/course/admin/resource/save','[{\"resourceName\":\"1741939445778.png\",\"resourceType\":4,\"resourceSize\":721223,\"resourceUrl\":\"http://127.0.0.1:9000/education/public/226a73f2065c4908823388f45c175860.png\",\"imgWidth\":853,\"imgHeight\":800}]','0:0:0:0:0:0:0:1','','福建省','厦门市','MSEdge','Windows'),(1900458026647093249,'2025-03-14 16:04:37',2,'系统配置修改','PUT','/system/admin/sys/config/edit','[{\"id\":103,\"configType\":1,\"contentType\":3,\"configName\":\"网站LOGO\",\"configKey\":\"websiteLogo\",\"configValue\":\"http://127.0.0.1:9000/education/public/226a73f2065c4908823388f45c175860.png\",\"configShow\":true,\"remark\":\"网站LOGO带文字和图标，建议尺寸 510×108px\",\"sort\":10}]','0:0:0:0:0:0:0:1','','福建省','厦门市','MSEdge','Windows'),(1900458050231664642,'2025-03-14 16:04:42',2,'系统配置修改','PUT','/system/admin/sys/config/edit','[{\"id\":104,\"configType\":1,\"contentType\":3,\"configName\":\"网站ICON\",\"configKey\":\"websiteIcon\",\"configValue\":\"http://127.0.0.1:9000/education/public/226a73f2065c4908823388f45c175860.png\",\"configShow\":true,\"remark\":\"网站ICON，建议尺寸 64×64px\",\"sort\":30}]','0:0:0:0:0:0:0:1','','福建省','厦门市','MSEdge','Windows'),(1900458336404832258,'2025-03-14 16:05:50',2,'系统配置修改','PUT','/system/admin/sys/config/edit','[{\"id\":105,\"configType\":1,\"contentType\":1,\"configName\":\"网站描述\",\"configKey\":\"websiteDesc\",\"configValue\":\"在线防灾教育系统是依托数字技术打造的综合性安全教育平台，旨在通过多媒体课程、虚拟演练和智能评估等方式，提升公众应对自然灾害及突发事件的应急能力。系统涵盖地震、火灾、洪水等灾害知识库，结合 3D 场景模拟逃生路径选择、急救操作等实战训练，支持 PC 端与移动端多设备访问。平台采用 AI 算法分析用户学习行为，提供个性化风险预警与防灾建议，并整合政府应急部门数据，实时更新灾害预警信息。其核心优势在于打破传统教育的时空限制，通过互动化、游戏化的学习模式增强公众防灾意识，助力社区、学校及企事业单位构建科学防灾体系。\",\"configShow\":true,\"remark\":\"用于在店铺登录页面底部展示，例如：“**科技·知识产品与用户服务的数字化工具”\",\"sort\":40}]','0:0:0:0:0:0:0:1','','福建省','厦门市','MSEdge','Windows'),(1900458466495365122,'2025-03-14 16:06:21',2,'系统配置修改','PUT','/system/admin/sys/config/edit','[{\"id\":106,\"configType\":1,\"contentType\":1,\"configName\":\"网站版权\",\"configKey\":\"websiteCopyright\",\"configValue\":\"© 2025-牛逼技术有限公司\",\"configShow\":true,\"remark\":\"例如：“Copyright © 2015-现在 ******网络技术有限公司 All Rights Reserved”\",\"sort\":50}]','0:0:0:0:0:0:0:1','','福建省','厦门市','MSEdge','Windows'),(1900458504416067585,'2025-03-14 16:06:30',2,'系统配置修改','PUT','/system/admin/sys/config/edit','[{\"id\":107,\"configType\":1,\"contentType\":1,\"configName\":\"网站ICP\",\"configKey\":\"websiteIcp\",\"configValue\":\"粤ICP备99999999号 -1\",\"configShow\":true,\"remark\":\"例如：“粤ICP备********号-1”\",\"sort\":60}]','0:0:0:0:0:0:0:1','','福建省','厦门市','MSEdge','Windows'),(1900458529367982081,'2025-03-14 16:06:36',2,'系统配置修改','PUT','/system/admin/sys/config/edit','[{\"id\":108,\"configType\":1,\"contentType\":1,\"configName\":\"公安部备案号\",\"configKey\":\"websitePrn\",\"configValue\":\"粤公网安备9999999号\",\"configShow\":true,\"remark\":\"公安部备案号\",\"sort\":70}]','0:0:0:0:0:0:0:1','','福建省','厦门市','MSEdge','Windows'),(1900458569125789697,'2025-03-14 16:06:46',2,'系统配置修改','PUT','/system/admin/sys/config/edit','[{\"id\":110,\"configType\":1,\"contentType\":2,\"configName\":\"网站用户协议\",\"configKey\":\"websiteUserAgreement\",\"configValue\":\"<p style=\\\"text-align: left;\\\"><span style=\\\"color: rgba(0, 0, 0, 0.85); background-color: rgb(255, 255, 255); font-size: 16px;\\\">在线防灾教育系统是依托数字技术打造的综合性安全教育平台，旨在通过多媒体课程、虚拟演练和智能评估等方式，提升公众应对自然灾害及突发事件的应急能力。系统涵盖地震、火灾、洪水等灾害知识库，结合 3D 场景模拟逃生路径选择、急救操作等实战训练，支持 PC 端与移动端多设备访问。平台采用 AI 算法分析用户学习行为，提供个性化风险预警与防灾建议，并整合政府应急部门数据，实时更新灾害预警信息。其核心优势在于打破传统教育的时空限制，通过互动化、游戏化的学习模式增强公众防灾意识，助力社区、学校及企事业单位构建科学防灾体系。</span></p>\",\"configShow\":false,\"remark\":\"网站用户协议\",\"sort\":100}]','0:0:0:0:0:0:0:1','','福建省','厦门市','MSEdge','Windows'),(1900458639460073473,'2025-03-14 16:07:03',2,'系统配置修改','PUT','/system/admin/sys/config/edit','[{\"id\":501,\"configType\":5,\"contentType\":5,\"configName\":\"短信平台\",\"configKey\":\"smsPlatform\",\"configValue\":\"2\",\"configShow\":true,\"remark\":\"默认短信平台\",\"sort\":1}]','0:0:0:0:0:0:0:1','','福建省','厦门市','MSEdge','Windows'),(1900459050355064834,'2025-03-14 16:08:41',2,'专区修改','PUT','/course/admin/zone/edit','[{\"id\":1060472271471714305,\"statusId\":1,\"sort\":1,\"zoneName\":\"自然灾害\",\"zoneDesc\":\"自然灾害\"}]','0:0:0:0:0:0:0:1','','福建省','厦门市','MSEdge','Windows'),(1900459083569758209,'2025-03-14 16:08:49',2,'专区修改','PUT','/course/admin/zone/edit','[{\"id\":1014339060298440705,\"statusId\":1,\"sort\":2,\"zoneName\":\"人为灾害\",\"zoneDesc\":\"人为灾害\"}]','0:0:0:0:0:0:0:1','','福建省','厦门市','MSEdge','Windows'),(1900459353016041474,'2025-03-14 16:09:53',2,'广告信息修改','PUT','/system/admin/website/carousel/edit','[{\"id\":1,\"statusId\":1,\"sort\":1,\"carouselTitle\":\"领课教育系统\",\"carouselImg\":\"http://127.0.0.1:9000/education/public/7ef4958c27ee464d88dec8e1a5564fe5.jpg\",\"carouselUrl\":\"https://www.douyin.com/\",\"carouselTarget\":1,\"beginTime\":1546300800000,\"endTime\":1893369600000}]','0:0:0:0:0:0:0:1','','福建省','厦门市','MSEdge','Windows'),(1900459374826422274,'2025-03-14 16:09:58',2,'广告信息修改','PUT','/system/admin/website/carousel/edit','[{\"id\":4,\"statusId\":1,\"sort\":2,\"carouselTitle\":\"视频点播宣传\",\"carouselImg\":\"http://127.0.0.1:9000/education/public/226a73f2065c4908823388f45c175860.png\",\"carouselUrl\":\"https://www.douyin.com/\",\"carouselTarget\":1,\"beginTime\":1546308122000,\"endTime\":1893369600000}]','0:0:0:0:0:0:0:1','','福建省','厦门市','MSEdge','Windows'),(1900459592552742914,'2025-03-14 16:10:50',2,'上传图片','POST','/system/admin/upload/pic','[{}]','0:0:0:0:0:0:0:1','','福建省','厦门市','MSEdge','Windows'),(1900459592875704321,'2025-03-14 16:10:50',2,'课程视频信息添加','POST','/course/admin/resource/save','[{\"resourceName\":\"1741939822615.jpg\",\"resourceType\":4,\"resourceSize\":887299,\"resourceUrl\":\"http://127.0.0.1:9000/education/public/456e447472a54384ab3f868e12a06a3f.jpg\",\"imgWidth\":786,\"imgHeight\":500}]','0:0:0:0:0:0:0:1','','福建省','厦门市','MSEdge','Windows'),(1900459603550208002,'2025-03-14 16:10:52',2,'上传图片','POST','/system/admin/upload/pic','[{}]','0:0:0:0:0:0:0:1','','福建省','厦门市','MSEdge','Windows'),(1900459603873169410,'2025-03-14 16:10:53',2,'课程视频信息添加','POST','/course/admin/resource/save','[{\"resourceName\":\"1741939838368.jpg\",\"resourceType\":4,\"resourceSize\":416401,\"resourceUrl\":\"http://127.0.0.1:9000/education/public/456bd9f6ca2c4cd0849717313d8b3e9a.jpg\",\"imgWidth\":889,\"imgHeight\":500}]','0:0:0:0:0:0:0:1','','福建省','厦门市','MSEdge','Windows'),(1900459620654579714,'2025-03-14 16:10:57',2,'广告信息修改','PUT','/system/admin/website/carousel/edit','[{\"id\":1,\"statusId\":1,\"sort\":1,\"carouselTitle\":\"领课教育系统\",\"carouselImg\":\"http://127.0.0.1:9000/education/public/456bd9f6ca2c4cd0849717313d8b3e9a.jpg\",\"carouselUrl\":\"https://www.douyin.com/\",\"carouselTarget\":1,\"beginTime\":1546300800000,\"endTime\":1893369600000}]','0:0:0:0:0:0:0:1','','福建省','厦门市','MSEdge','Windows'),(1900459649662386177,'2025-03-14 16:11:03',2,'广告信息修改','PUT','/system/admin/website/carousel/edit','[{\"id\":4,\"statusId\":1,\"sort\":2,\"carouselTitle\":\"视频点播宣传\",\"carouselImg\":\"http://127.0.0.1:9000/education/public/456e447472a54384ab3f868e12a06a3f.jpg\",\"carouselUrl\":\"https://www.douyin.com/\",\"carouselTarget\":1,\"beginTime\":1546308122000,\"endTime\":1893369600000}]','0:0:0:0:0:0:0:1','','福建省','厦门市','MSEdge','Windows'),(1900459686928777217,'2025-03-14 16:11:12',2,'头部导航删除','DELETE','/system/admin/website/nav/delete','[1085443582223257603]','0:0:0:0:0:0:0:1','','福建省','厦门市','MSEdge','Windows'),(1900459900448210946,'2025-03-14 16:12:03',2,'站点友情链接修改','PUT','/system/admin/website/link/edit','[{\"id\":1790569180659134465,\"statusId\":1,\"sort\":1,\"linkName\":\"自然灾害\",\"linkUrl\":\"https://www.baidu.com/\",\"linkTarget\":1}]','0:0:0:0:0:0:0:1','','福建省','厦门市','MSEdge','Windows'),(1900459928608768002,'2025-03-14 16:12:10',2,'站点友情链接修改','PUT','/system/admin/website/link/edit','[{\"id\":1143825091871023106,\"statusId\":1,\"sort\":2,\"linkName\":\"人为灾害\",\"linkUrl\":\"https://www.baidu.com/\",\"linkTarget\":1}]','0:0:0:0:0:0:0:1','','福建省','厦门市','MSEdge','Windows'),(1900460047232073730,'2025-03-14 16:12:38',2,'课程视频信息删除','DELETE','/course/admin/resource/delete','[1570253224128118786]','0:0:0:0:0:0:0:1','','福建省','厦门市','MSEdge','Windows'),(1900460058900627458,'2025-03-14 16:12:41',2,'课程视频信息删除','DELETE','/course/admin/resource/delete','[1570254977909227521]','0:0:0:0:0:0:0:1','','福建省','厦门市','MSEdge','Windows'),(1900460069944229890,'2025-03-14 16:12:44',2,'课程视频信息删除','DELETE','/course/admin/resource/delete','[1787818748243173378]','0:0:0:0:0:0:0:1','','福建省','厦门市','MSEdge','Windows'),(1900460083722518530,'2025-03-14 16:12:47',2,'课程视频信息删除','DELETE','/course/admin/resource/delete','[1787821843081682946]','0:0:0:0:0:0:0:1','','福建省','厦门市','MSEdge','Windows'),(1900460097773436930,'2025-03-14 16:12:50',2,'课程视频信息删除','DELETE','/course/admin/resource/delete','[1787821881505701890]','0:0:0:0:0:0:0:1','','福建省','厦门市','MSEdge','Windows'),(1900460112260562946,'2025-03-14 16:12:54',2,'课程视频信息删除','DELETE','/course/admin/resource/delete','[1797520766492991490]','0:0:0:0:0:0:0:1','','福建省','厦门市','MSEdge','Windows'),(1900460139108302849,'2025-03-14 16:13:00',2,'课程视频信息删除','DELETE','/course/admin/resource/delete','[1797525152845783041]','0:0:0:0:0:0:0:1','','福建省','厦门市','MSEdge','Windows'),(1900460812172460033,'2025-03-14 16:15:41',2,'分类修改','PUT','/course/admin/category/edit','[{\"id\":1080756158205726721,\"statusId\":1,\"sort\":10,\"parentId\":0,\"categoryType\":1,\"categoryName\":\"灾害基础知识科普\",\"remark\":\"开源项目\"}]','0:0:0:0:0:0:0:1','','福建省','厦门市','MSEdge','Windows'),(1900460972105465858,'2025-03-14 16:16:19',2,'分类修改','PUT','/course/admin/category/edit','[{\"id\":1248244148498632705,\"statusId\":1,\"sort\":10,\"parentId\":1080756158205726721,\"categoryType\":1,\"categoryName\":\"常见自然灾害类型与特征\",\"remark\":\"领课教育系统\"}]','0:0:0:0:0:0:0:1','','福建省','厦门市','MSEdge','Windows'),(1900461010944720897,'2025-03-14 16:16:28',2,'分类修改','PUT','/course/admin/category/edit','[{\"id\":1080758871769419777,\"statusId\":1,\"sort\":20,\"parentId\":1080756158205726721,\"categoryType\":1,\"categoryName\":\"次生灾害链式反应原理\",\"remark\":\"龙果支付系统\"}]','0:0:0:0:0:0:0:1','','福建省','厦门市','MSEdge','Windows'),(1900461053269442561,'2025-03-14 16:16:38',2,'分类修改','PUT','/course/admin/category/edit','[{\"id\":1248244730181488641,\"statusId\":1,\"sort\":30,\"parentId\":1080756158205726721,\"categoryType\":1,\"categoryName\":\"本地区域灾害风险分布图\",\"remark\":\"龙果充值系统\"}]','0:0:0:0:0:0:0:1','','福建省','厦门市','MSEdge','Windows'),(1900461073288855554,'2025-03-14 16:16:43',2,'分类删除','DELETE','/course/admin/category/delete','[1248244366195593217]','0:0:0:0:0:0:0:1','','福建省','厦门市','MSEdge','Windows'),(1900461089122353153,'2025-03-14 16:16:47',2,'分类删除','DELETE','/course/admin/category/delete','[1080756229487923201]','0:0:0:0:0:0:0:1','','福建省','厦门市','MSEdge','Windows'),(1900461100946096130,'2025-03-14 16:16:49',2,'分类删除','DELETE','/course/admin/category/delete','[1248244972591288322]','0:0:0:0:0:0:0:1','','福建省','厦门市','MSEdge','Windows'),(1900461124081876993,'2025-03-14 16:16:55',2,'分类删除','DELETE','/course/admin/category/delete','[1248245231656669186]','0:0:0:0:0:0:0:1','','福建省','厦门市','MSEdge','Windows'),(1900461131606458370,'2025-03-14 16:16:57',2,'分类修改','PUT','/course/admin/category/edit','[{\"id\":1248244730181488641,\"statusId\":0}]','0:0:0:0:0:0:0:1','','福建省','厦门市','MSEdge','Windows'),(1900461135662350338,'2025-03-14 16:16:58',2,'分类修改','PUT','/course/admin/category/edit','[{\"id\":1248244730181488641,\"statusId\":1}]','0:0:0:0:0:0:0:1','','福建省','厦门市','MSEdge','Windows'),(1900461142918496258,'2025-03-14 16:17:00',2,'分类删除','DELETE','/course/admin/category/delete','[1248244730181488641]','0:0:0:0:0:0:0:1','','福建省','厦门市','MSEdge','Windows'),(1900461181644505090,'2025-03-14 16:17:09',2,'分类修改','PUT','/course/admin/category/edit','[{\"id\":1080750603160457217,\"statusId\":1,\"sort\":15,\"parentId\":0,\"categoryType\":1,\"categoryName\":\"防灾避险技能实训\",\"remark\":\"一级\"}]','0:0:0:0:0:0:0:1','','福建省','厦门市','MSEdge','Windows'),(1900461214490099713,'2025-03-14 16:17:17',2,'分类修改','PUT','/course/admin/category/edit','[{\"id\":1248247230154444802,\"statusId\":1,\"sort\":1,\"parentId\":1080750603160457217,\"categoryType\":1,\"categoryName\":\"家庭应急物资配置标准\"}]','0:0:0:0:0:0:0:1','','福建省','厦门市','MSEdge','Windows'),(1900461236875100162,'2025-03-14 16:17:22',2,'分类修改','PUT','/course/admin/category/edit','[{\"id\":1248247216749449218,\"statusId\":1,\"sort\":1,\"parentId\":1080750603160457217,\"categoryType\":1,\"categoryName\":\"黄金逃生时间行动指南\"}]','0:0:0:0:0:0:0:1','','福建省','厦门市','MSEdge','Windows'),(1900461265505419265,'2025-03-14 16:17:29',2,'分类修改','PUT','/course/admin/category/edit','[{\"id\":1080750628284338178,\"statusId\":1,\"sort\":1,\"parentId\":1080750603160457217,\"categoryType\":1,\"categoryName\":\"特殊人群避险方案\",\"remark\":\"\"}]','0:0:0:0:0:0:0:1','','福建省','厦门市','MSEdge','Windows'),(1900461280370032642,'2025-03-14 16:17:32',2,'分类删除','DELETE','/course/admin/category/delete','[1080747124211781634]','0:0:0:0:0:0:0:1','','福建省','厦门市','MSEdge','Windows'),(1900461297637982209,'2025-03-14 16:17:36',2,'分类删除','DELETE','/course/admin/category/delete','[1080387521456295937]','0:0:0:0:0:0:0:1','','福建省','厦门市','MSEdge','Windows'),(1900461307251326978,'2025-03-14 16:17:39',2,'分类删除','DELETE','/course/admin/category/delete','[1080744766018883585]','0:0:0:0:0:0:0:1','','福建省','厦门市','MSEdge','Windows'),(1900461328575168513,'2025-03-14 16:17:44',2,'分类删除','DELETE','/course/admin/category/delete','[1575093300918087681]','0:0:0:0:0:0:0:1','','福建省','厦门市','MSEdge','Windows'),(1900461394408964097,'2025-03-14 16:17:59',2,'讲师信息删除','DELETE','/user/admin/lecturer/delete','[1064776676173942786]','0:0:0:0:0:0:0:1','','福建省','厦门市','MSEdge','Windows'),(1900461518212235266,'2025-03-14 16:18:29',2,'讲师信息添加','POST','/user/admin/lecturer/save','[{\"sort\":1,\"lecturerName\":\"许老师\",\"lecturerPosition\":\"校长\",\"lecturerHead\":\"http://127.0.0.1:9000/education/public/226a73f2065c4908823388f45c175860.png\",\"introduce\":\"<p>许老师</p>\"}]','0:0:0:0:0:0:0:1','','福建省','厦门市','MSEdge','Windows'),(1900461622163865602,'2025-03-14 16:18:54',2,'讲师信息修改','PUT','/user/admin/lecturer/edit','[{\"id\":1568540063406608386,\"statusId\":1,\"sort\":2,\"lecturerName\":\"冯老师\",\"lecturerMobile\":\"18302045627\",\"lecturerPosition\":\"开源作者\",\"lecturerHead\":\"https://file.roncoos.com/eduos/public/62fa955324df46dba1e5070a4f4e8d46.jpg\",\"introduce\":\"<p><span style=\\\"color: rgba(0, 0, 0, 0.85); background-color: rgb(255, 255, 255); font-size: 16px;\\\">在线防灾教育系统是依托数字技术打造的综合性安全教育平台，旨在通过多媒体课程、虚拟演练和智能评估等方式，提升公众应对自然灾害及突发事件的应急能力。系统涵盖地震、火灾、洪水等灾害知识库，结合 3D 场景模拟逃生路径选择、急救操作等实战训练，支持 PC 端与移动端多设备访问。平台采用 AI 算法分析用户学习行为，提供个性化风险预警与防灾建议，并整合政府应急部门数据，实时更新灾害预警信息。其核心优势在于打破传统教育的时空限制，通过互动化、游戏化的学习模式增强公众防灾意识，助力社区、学校及企事业单位构建科学防灾体系。</span></p>\"}]','0:0:0:0:0:0:0:1','','福建省','厦门市','MSEdge','Windows'),(1900463493289005058,'2025-03-14 16:26:20',2,'ES同步','GET','/course/admin/course/es','','0:0:0:0:0:0:0:1','','福建省','厦门市','MSEdge','Windows'),(1900463634913873921,'2025-03-14 16:26:54',2,'排序','PUT','/course/admin/course/sort','[[{\"id\":1900434105084362754,\"sort\":1}]]','0:0:0:0:0:0:0:1','','福建省','厦门市','MSEdge','Windows'),(1900463646762782722,'2025-03-14 16:26:56',2,'排序','PUT','/course/admin/course/sort','[[{\"id\":1900434105084362754,\"sort\":1}]]','0:0:0:0:0:0:0:1','','福建省','厦门市','MSEdge','Windows'),(1900463818578251777,'2025-03-14 16:27:37',2,'站点友情链接修改','PUT','/system/admin/website/link/edit','[{\"id\":1790569180659134465,\"statusId\":1,\"sort\":1,\"linkName\":\"常见自然灾害类型与特\",\"linkUrl\":\"https://www.baidu.com/\",\"linkTarget\":1}]','0:0:0:0:0:0:0:1','','福建省','厦门市','MSEdge','Windows'),(1900463878829428738,'2025-03-14 16:27:52',2,'ES同步','GET','/course/admin/course/es','','0:0:0:0:0:0:0:1','','福建省','厦门市','MSEdge','Windows'),(1900463968646254594,'2025-03-14 16:28:13',2,'分类删除','DELETE','/course/admin/category/delete','[1248248345805754369]','0:0:0:0:0:0:0:1','','福建省','厦门市','MSEdge','Windows'),(1900464050263216130,'2025-03-14 16:28:33',2,'专区修改','PUT','/course/admin/zone/edit','[{\"id\":1060472271471714305,\"statusId\":1,\"sort\":1,\"zoneName\":\"常见自然灾害类型与特征\",\"zoneDesc\":\"常见自然灾害类型与特征\"}]','0:0:0:0:0:0:0:1','','福建省','厦门市','MSEdge','Windows'),(1900464074376269826,'2025-03-14 16:28:38',2,'专区课程添加','POST','/course/admin/zone/course/save','[{\"sort\":1,\"courseId\":1900434105084362754}]','0:0:0:0:0:0:0:1','','福建省','厦门市','MSEdge','Windows'),(1900464164679634946,'2025-03-14 16:29:00',2,'专区课程添加','POST','/course/admin/zone/course/save','[{\"sort\":1,\"courseId\":1900434105084362754}]','0:0:0:0:0:0:0:1','','福建省','厦门市','MSEdge','Windows'),(1900464322897170434,'2025-03-14 16:29:38',2,'专区修改','PUT','/course/admin/zone/edit','[{\"id\":1060472271471714305,\"statusId\":0}]','0:0:0:0:0:0:0:1','','福建省','厦门市','MSEdge','Windows'),(1900464328756613122,'2025-03-14 16:29:39',2,'专区修改','PUT','/course/admin/zone/edit','[{\"id\":1060472271471714305,\"statusId\":1}]','0:0:0:0:0:0:0:1','','福建省','厦门市','MSEdge','Windows'),(1900465773463654401,'2025-03-14 16:35:24',2,'课程信息添加','POST','/course/admin/course/save','[{\"lecturerId\":1791101483214839810,\"categoryId\":1248244148498632705,\"courseName\":\"2\",\"courseLogo\":\"http://127.0.0.1:9000/education/public/456bd9f6ca2c4cd0849717313d8b3e9a.jpg\",\"introduce\":\"<p>1111</p>\",\"isFree\":1,\"coursePrice\":0,\"rulingPrice\":0,\"isPutaway\":1,\"speedDouble\":1,\"speedDrag\":1}]','0:0:0:0:0:0:0:1','','福建省','厦门市','MSEdge','Windows'),(1900465815859679234,'2025-03-14 16:35:34',2,'课时信息添加','POST','/course/admin/course/chapter/period/save','[{\"courseId\":1900465773354602497,\"chapterId\":1900465773463654402,\"periodName\":\"1.mp4\",\"resourceId\":1900451185485606913}]','0:0:0:0:0:0:0:1','','福建省','厦门市','MSEdge','Windows'),(1900465825422692353,'2025-03-14 16:35:36',2,'课时信息添加','POST','/course/admin/course/chapter/period/save','[{\"courseId\":1900465773354602497,\"chapterId\":1900465773463654402,\"periodName\":\"2.mp4\",\"resourceId\":1900451463991586818}]','0:0:0:0:0:0:0:1','','福建省','厦门市','MSEdge','Windows'),(1900465914748784641,'2025-03-14 16:35:57',2,'专区课程添加','POST','/course/admin/zone/course/save','[{\"sort\":1,\"courseId\":1900434105084362754}]','0:0:0:0:0:0:0:1','','福建省','厦门市','MSEdge','Windows'),(1900465998194462721,'2025-03-14 16:36:17',2,'专区课程添加','POST','/course/admin/zone/course/save','[{\"sort\":1,\"courseId\":1900465773354602497}]','0:0:0:0:0:0:0:1','','福建省','厦门市','MSEdge','Windows'),(1900466129593618433,'2025-03-14 16:36:48',2,'专区课程添加','POST','/course/admin/zone/course/save','[{\"sort\":1,\"courseId\":1900434105084362754}]','0:0:0:0:0:0:0:1','','福建省','厦门市','MSEdge','Windows'),(1900466356983615489,'2025-03-14 16:37:43',2,'专区课程添加','POST','/course/admin/zone/course/save','[{\"sort\":1,\"courseId\":1900434105084362754}]','0:0:0:0:0:0:0:1','','福建省','厦门市','MSEdge','Windows'),(1900467613848752129,'2025-03-14 16:42:42',2,'专区课程添加','POST','/course/admin/zone/course/save','[{\"sort\":1,\"courseId\":1900434105084362754}]','0:0:0:0:0:0:0:1','','福建省','厦门市','MSEdge','Windows'),(1900467995714965505,'2025-03-14 16:44:13',2,'专区课程添加','POST','/course/admin/zone/course/save','[{\"sort\":1,\"courseId\":1900434105084362754}]','0:0:0:0:0:0:0:1','','福建省','厦门市','MSEdge','Windows'),(1900468180268535810,'2025-03-14 16:44:57',2,'专区课程添加','POST','/course/admin/zone/course/save','[{\"sort\":1,\"courseId\":1900434105084362754}]','0:0:0:0:0:0:0:1','','福建省','厦门市','MSEdge','Windows'),(1900468421373906946,'2025-03-14 16:45:55',2,'专区课程添加','POST','/course/admin/zone/course/save','[{\"sort\":1,\"courseId\":1900434105084362754}]','0:0:0:0:0:0:0:1','','福建省','厦门市','MSEdge','Windows'),(1900468791378628610,'2025-03-14 16:47:23',2,'专区课程添加','POST','/course/admin/zone/course/save','[{\"sort\":1,\"courseId\":1900465773354602497}]','0:0:0:0:0:0:0:1','','福建省','厦门市','MSEdge','Windows'),(1900469158170513410,'2025-03-14 16:48:50',2,'专区课程添加','POST','/course/admin/zone/course/save','[{\"sort\":1,\"courseId\":1900465773354602497}]','0:0:0:0:0:0:0:1','','福建省','厦门市','MSEdge','Windows'),(1900469499058376706,'2025-03-14 16:50:12',2,'专区课程添加','POST','/course/admin/zone/course/save','[{\"sort\":1,\"courseId\":1900434105084362754}]','0:0:0:0:0:0:0:1','','福建省','厦门市','MSEdge','Windows'),(1900473352415793154,'2025-03-14 17:05:30',2,'专区课程添加','POST','/course/admin/zone/course/save','[{\"sort\":1,\"zoneId\":1060472271471714305,\"courseId\":1900465773354602497}]','0:0:0:0:0:0:0:1','','福建省','厦门市','MSEdge','Windows'),(1900473445755834370,'2025-03-14 17:05:53',2,'专区课程添加','POST','/course/admin/zone/course/save','[{\"sort\":1,\"zoneId\":1014339060298440705,\"courseId\":1900465773354602497}]','0:0:0:0:0:0:0:1','','福建省','厦门市','MSEdge','Windows');
/*!40000 ALTER TABLE `sys_log` ENABLE KEYS */;
UNLOCK TABLES;

--
-- Table structure for table `sys_menu`
--

DROP TABLE IF EXISTS `sys_menu`;
/*!40101 SET @saved_cs_client     = @@character_set_client */;
/*!50503 SET character_set_client = utf8mb4 */;
CREATE TABLE `sys_menu` (
  `id` bigint unsigned NOT NULL COMMENT '主键',
  `gmt_create` datetime NOT NULL DEFAULT CURRENT_TIMESTAMP COMMENT '创建时间',
  `gmt_modified` datetime NOT NULL DEFAULT CURRENT_TIMESTAMP ON UPDATE CURRENT_TIMESTAMP COMMENT '修改时间',
  `status_id` tinyint unsigned NOT NULL DEFAULT '1' COMMENT '状态(1:正常，0:禁用)',
  `sort` int unsigned NOT NULL DEFAULT '1' COMMENT '排序',
  `parent_id` bigint unsigned NOT NULL COMMENT '父ID',
  `is_show` tinyint(1) NOT NULL DEFAULT '1' COMMENT '是否显示(1显示，0隐藏)',
  `menu_type` tinyint NOT NULL DEFAULT '1' COMMENT '菜单类型(1目录,2菜单,3按钮)',
  `menu_name` varchar(50) CHARACTER SET utf8mb4 COLLATE utf8mb4_0900_ai_ci NOT NULL COMMENT '菜单名称',
  `menu_icon` varchar(255) CHARACTER SET utf8mb4 COLLATE utf8mb4_0900_ai_ci DEFAULT NULL COMMENT '菜单图标',
  `path` varchar(255) CHARACTER SET utf8mb4 COLLATE utf8mb4_0900_ai_ci DEFAULT '' COMMENT '路由地址',
  `component` varchar(255) CHARACTER SET utf8mb4 COLLATE utf8mb4_0900_ai_ci DEFAULT NULL COMMENT '组件路径',
  `apis` varchar(1000) CHARACTER SET utf8mb4 COLLATE utf8mb4_0900_ai_ci DEFAULT NULL COMMENT '后端接口',
  `permission` varchar(1000) CHARACTER SET utf8mb4 COLLATE utf8mb4_0900_ai_ci DEFAULT '' COMMENT '前端权限',
  `remark` varchar(255) CHARACTER SET utf8mb4 COLLATE utf8mb4_0900_ai_ci DEFAULT NULL COMMENT '备注',
  PRIMARY KEY (`id`) USING BTREE
) ENGINE=InnoDB DEFAULT CHARSET=utf8mb4 COLLATE=utf8mb4_0900_ai_ci COMMENT='菜单信息';
/*!40101 SET character_set_client = @saved_cs_client */;

--
-- Dumping data for table `sys_menu`
--

LOCK TABLES `sys_menu` WRITE;
/*!40000 ALTER TABLE `sys_menu` DISABLE KEYS */;
INSERT INTO `sys_menu` VALUES (1153478139284656128,'2022-06-02 13:55:36','2024-03-19 13:52:02',1,1,0,1,2,'概况','概况','/dashboard','/dashboard/index.vue','','',NULL),(1153478139284656129,'2019-07-23 09:33:11','2024-03-14 15:32:13',1,10,0,1,1,'常用','常用','','','','',NULL),(1153478559176429569,'2019-07-23 09:34:51','2024-03-14 15:32:18',1,50,0,1,1,'课程','课程','','','','',NULL),(1153478801917579265,'2019-07-23 09:35:49','2024-03-14 15:32:22',1,80,0,1,1,'用户','用户','','','','',NULL),(1153478801917579266,'2019-07-23 10:52:35','2024-03-14 15:32:26',1,100,0,1,1,'系统','系统','','','','',NULL),(1153493010483089409,'2019-07-23 10:32:17','2024-03-14 15:31:27',1,2,1153478139284656129,1,2,'课程订单',NULL,'/common/order','/common/order/index.vue','/user/admin/order/info/page','',NULL),(1153493835884367873,'2019-07-23 10:35:33','2024-04-17 16:19:34',1,10,1153478139284656129,1,2,'轮播管理',NULL,'/common/carousel','/common/carousel/index.vue','/system/admin/website/carousel/page\n/system/admin/website/carousel/sort','',NULL),(1153494438295474177,'2019-07-23 10:37:57','2024-04-17 16:19:22',1,5,1153478139284656129,1,2,'专区管理',NULL,'/common/zone','/common/zone/index.vue','/course/admin/zone/page\n/course/admin/zone/sort','',NULL),(1153494935626682369,'2019-07-23 10:39:56','2024-04-17 16:19:42',1,20,1153478139284656129,1,2,'头部导航',NULL,'/common/navigation','/common/navigation/index.vue','/system/admin/website/nav/page\n/system/admin/website/nav/sort','',NULL),(1153495155055890433,'2019-07-23 10:40:48','2024-04-17 16:19:57',1,40,1153478139284656129,1,2,'友情链接',NULL,'/common/link','/common/link/index.vue','/system/admin/website/link/page\n/system/admin/website/link/sort','',NULL),(1153495948102307842,'2019-07-23 10:43:57','2024-04-17 15:08:07',1,1,1153478559176429569,1,2,'课程列表',NULL,'/course/list','/course/list/index.vue','/course/admin/course/page\n/course/admin/course/sort','',NULL),(1153496241066053634,'2019-07-23 10:45:07','2024-03-14 15:31:27',1,10,1153478559176429569,1,2,'分类管理',NULL,'/course/category','/course/category/index.vue','/course/admin/category/list','',NULL),(1153496795896975361,'2019-07-23 10:47:19','2024-04-17 14:40:31',1,10,1153478801917579265,1,2,'讲师列表',NULL,'/users/lecturer','/users/lecturer/index.vue','/user/admin/lecturer/page\n/user/admin/lecturer/sort','',NULL),(1153498940276838401,'2019-07-23 10:55:50','2024-04-17 14:28:57',1,1,1153478801917579266,1,2,'账号管理',NULL,'/system/user','/system/user/index.vue','/system/admin/sys/user/page\n/system/admin/sys/user/sort','',NULL),(1153499292782923778,'2019-07-23 10:57:14','2024-04-17 14:40:03',1,2,1153478801917579266,1,2,'角色管理',NULL,'/system/role','/system/role/index.vue','/system/admin/sys/role/page\n/system/admin/sys/role/sort','',NULL),(1153499423880089601,'2019-07-23 10:57:46','2024-04-17 14:40:17',1,3,1153478801917579266,1,2,'菜单管理',NULL,'/system/menu','/system/menu/index.vue','/system/admin/sys/menu/list\n/system/admin/sys/menu/sort','',NULL),(1154683387156230146,'2019-07-26 17:22:25','2024-02-25 21:07:10',1,1,1153493010483089409,1,3,'备注',NULL,'',NULL,'/user/admin/order/info/edit','order:remark',NULL),(1156030361037971458,'2019-07-30 10:34:49','2024-02-25 21:07:38',1,1,1153493835884367873,1,3,'保存',NULL,'',NULL,'/system/admin/website/carousel/save','website:carousel:save',NULL),(1156030992003899394,'2019-07-30 10:37:20','2024-02-25 21:09:08',1,4,1153493835884367873,1,3,'修改',NULL,'',NULL,'/system/admin/website/carousel/edit','website:carousel:edit',NULL),(1156032296088510465,'2019-07-30 10:42:31','2024-02-25 21:08:22',1,2,1153494438295474177,1,3,'保存',NULL,'',NULL,'/course/admin/zone/save','zone:save',NULL),(1156032474489036801,'2019-07-30 10:43:13','2024-02-25 21:08:17',1,3,1153494438295474177,1,3,'删除',NULL,'',NULL,'/course/admin/zone/delete','zone:delete',NULL),(1156033449756991490,'2019-07-30 10:47:06','2024-02-25 21:08:18',1,4,1153494438295474177,1,3,'修改',NULL,'',NULL,'/course/admin/zone/edit','zone:edit',NULL),(1156037020263129089,'2019-07-30 11:01:17','2024-02-25 21:09:06',1,3,1153493835884367873,1,3,'删除',NULL,'',NULL,'/system/admin/website/carousel/delete','website:carousel:delete',NULL),(1156039959035781122,'2019-07-30 11:12:58','2024-02-25 21:07:24',1,2,1153494935626682369,1,3,'保存',NULL,'',NULL,'/system/admin/website/nav/save','website:nav:save',NULL),(1156040289144283137,'2019-07-30 11:14:16','2024-02-25 21:07:28',1,3,1153494935626682369,1,3,'删除',NULL,'',NULL,'/system/admin/website/nav/delete','website:nav:delete',NULL),(1156040630476742658,'2019-07-30 11:15:38','2024-02-25 21:07:26',1,4,1153494935626682369,1,3,'修改',NULL,'',NULL,'/system/admin/website/nav/edit','website:nav:edit',NULL),(1156099301554528257,'2019-07-30 15:08:46','2024-02-25 21:07:30',1,2,1153495155055890433,1,3,'保存',NULL,'',NULL,'/system/admin/website/link/save','website:link:save',NULL),(1156099420307857410,'2019-07-30 15:09:14','2024-02-25 21:07:34',1,3,1153495155055890433,1,3,'删除',NULL,'',NULL,'/system/admin/website/link/delete','website:link:delete',NULL),(1156099620929806338,'2019-07-30 15:10:02','2024-02-25 21:07:32',1,4,1153495155055890433,1,3,'修改',NULL,'',NULL,'/system/admin/website/link/edit','website:link:edit',NULL),(1156102063474352129,'2019-07-30 15:19:44','2024-03-13 10:23:06',1,2,1153495948102307842,0,2,'添加',NULL,'/course/update','/course/update/index.vue','/course/admin/course/save','course:save',NULL),(1156389609588662274,'2019-07-31 10:22:21','2024-02-25 21:07:49',1,3,1153496241066053634,1,3,'删除',NULL,'',NULL,'/course/admin/category/delete','category:delete',NULL),(1156389834885701634,'2019-07-31 10:23:15','2024-02-25 21:07:53',1,2,1153496241066053634,1,3,'保存',NULL,'',NULL,'/course/admin/category/save','category:save',NULL),(1156390300390531073,'2019-07-31 10:25:06','2024-02-25 21:07:51',1,4,1153496241066053634,1,3,'修改',NULL,'',NULL,'/course/admin/category/edit','category:edit',NULL),(1156393404230017026,'2019-07-31 10:37:26','2024-02-25 21:07:13',1,1,1153496795896975361,1,3,'保存',NULL,'',NULL,'/user/admin/lecturer/save','lecturer:save',NULL),(1156467976803459073,'2019-07-31 15:33:45','2024-02-25 21:09:10',1,2,1153498940276838401,1,3,'添加',NULL,'',NULL,'/system/admin/sys/user/save','sys:user:save',NULL),(1156468115706224642,'2019-07-31 15:34:18','2024-02-25 21:09:16',1,3,1153498940276838401,1,3,'删除',NULL,'',NULL,'/system/admin/sys/user/delete','sys:user:delete',NULL),(1156471160762540033,'2019-07-31 15:46:24','2024-02-25 21:09:14',1,4,1153498940276838401,1,3,'修改',NULL,'',NULL,'/system/admin/sys/user/edit','sys:user:edit',NULL),(1156471428245889026,'2019-07-31 15:47:28','2024-02-25 21:09:12',1,10,1153498940276838401,1,3,'修改密码',NULL,'',NULL,'/system/admin/sys/user/password','sys:user:password',NULL),(1156472210034794497,'2019-07-31 15:50:34','2024-03-19 13:51:10',1,10,1153498940276838401,1,3,'设置角色',NULL,'',NULL,'/system/admin/sys/role/user/list\n/system/admin/sys/role/user/save','sys:user:role:set',NULL),(1156473846425722881,'2019-07-31 15:57:04','2024-03-19 13:49:52',1,1,1153499292782923778,1,3,'添加',NULL,'',NULL,'/system/admin/sys/role/save','sys:role:save',NULL),(1156474159387910146,'2019-07-31 15:58:19','2024-03-19 13:49:55',1,3,1153499292782923778,1,3,'删除',NULL,'',NULL,'/system/admin/sys/role/delete','sys:role:delete',NULL),(1156475549820657665,'2019-07-31 16:03:51','2024-03-19 13:49:59',1,4,1153499292782923778,1,3,'修改',NULL,'',NULL,'/system/admin/sys/role/edit','sys:role:edit',NULL),(1156475975043391490,'2019-07-31 16:05:32','2024-02-25 21:37:33',1,100,1153499292782923778,1,3,'分配菜单',NULL,'',NULL,'/system/admin/sys/menu/role/list\n/system/admin/sys/menu/role/save','sys:role:menu:set',NULL),(1156477233678524418,'2019-07-31 16:10:32','2024-02-25 21:09:25',1,2,1153499423880089601,1,3,'保存',NULL,'',NULL,'/system/admin/sys/menu/save','sys:menu:save',NULL),(1156477431565787138,'2019-07-31 16:11:19','2024-02-25 21:08:58',1,3,1153499423880089601,1,3,'删除',NULL,'',NULL,'/system/admin/sys/menu/delete','sys:menu:delete',NULL),(1156478738817097730,'2019-07-31 16:16:31','2024-02-25 21:09:00',1,4,1153499423880089601,1,3,'更新',NULL,'',NULL,'/system/admin/sys/menu/edit','sys:menu:edit',NULL),(1160850528846749698,'2019-08-12 17:48:27','2024-04-17 14:28:42',1,1,1153478801917579265,1,2,'学员列表',NULL,'/users/list','/users/list/index.vue','/user/admin/users/page','',NULL),(1160851003339972610,'2019-08-12 17:50:20','2024-03-25 22:24:26',1,1,1160850528846749698,1,3,'修改',NULL,'',NULL,'/user/admin/users/edit\n/user/admin/users/account/consume/save','user:edit',NULL),(1565592545140002818,'2022-09-02 14:48:44','2024-04-17 15:08:22',1,2,1153478559176429569,1,2,'课程资源',NULL,'/course/resource','/course/resource/index.vue','/course/admin/resource/page\n/course/admin/resource/sort\n/course/admin/resource/preview\n/course/admin/category/sort','',NULL),(1567783867401756674,'2022-09-08 15:56:16','2024-03-19 13:48:06',1,1,1153478801917579266,1,2,'配置管理',NULL,'/system/config','/system/config/index.vue','/system/admin/sys/config/list\n/system/admin/sys/config/video/config','',NULL),(1573492156370255874,'2022-09-24 09:58:58','2024-02-25 21:07:58',1,5,1153495948102307842,1,3,'删除',NULL,'',NULL,'/course/admin/course/delete\n/course/admin/user/course/comment/delete','course:delete',NULL),(1573492202025254913,'2022-09-24 09:59:09','2024-03-19 13:53:39',1,4,1153495948102307842,0,2,'修改',NULL,'/course/update','/course/update/index.vue','/course/admin/course/edit\n/course/admin/course/view','course:edit',NULL),(1573492379121352706,'2022-09-24 09:59:51','2024-03-14 15:56:48',1,2,1565592545140002818,1,3,'添加',NULL,'',NULL,'/course/admin/resource/save\n/course/admin/resource/vod/config\n/system/admin/upload/doc\n/system/admin/upload/pic','resource:save',NULL),(1573492445341024258,'2022-09-24 10:00:07','2024-03-14 15:58:17',1,3,1565592545140002818,1,3,'删除',NULL,'',NULL,'/course/admin/resource/delete\n/course/admin/resource/batch/delete','resource:delete',NULL),(1573492482569666562,'2022-09-24 10:00:16','2024-03-22 21:55:16',1,4,1565592545140002818,1,3,'修改',NULL,'',NULL,'/course/admin/resource/edit\n/course/admin/resource/batch/edit','resource:edit',NULL),(1573493755847114754,'2022-09-24 10:05:20','2024-02-25 21:07:18',1,3,1153496795896975361,1,3,'删除',NULL,'',NULL,'/user/admin/lecturer/delete','lecturer:delete',NULL),(1573493794539569154,'2022-09-24 10:05:29','2024-06-04 11:31:57',1,4,1153496795896975361,1,3,'修改',NULL,'',NULL,'/user/admin/lecturer/view\n/user/admin/lecturer/edit','lecturer:edit',NULL),(1573494211377889282,'2022-09-24 10:07:08','2024-02-25 21:08:34',1,100,1567783867401756674,1,3,'修改',NULL,'',NULL,'/system/admin/sys/config/edit','sys:config:edit',NULL),(1574287231530647553,'2022-09-26 14:38:19','2024-04-03 21:32:32',1,100,1153495948102307842,0,2,'章节管理',NULL,'/course/chapter','/course/chapter/index.vue','/course/admin/course/chapter/page\n/course/admin/course/chapter/list\n/course/admin/course/chapter/edit\n/course/admin/course/chapter/save\n/course/admin/course/chapter/delete\n/course/admin/course/chapter/sort\n/course/admin/course/chapter/period/list\n/course/admin/course/chapter/period/edit\n/course/admin/course/chapter/period/save\n/course/admin/course/chapter/period/delete\n/course/admin/course/chapter/period/sort','course:chapter:period',NULL),(1574291916324945922,'2022-09-26 14:56:56','2024-04-17 16:20:13',1,1,1153494438295474177,0,2,'课程管理',NULL,'/common/zone/course','/common/zone/course/index.vue','/course/admin/zone/course/page\n/course/admin/zone/course/edit\n/course/admin/zone/course/save\n/course/admin/zone/course/delete\n/course/admin/zone/course/sort','zone:manage',NULL),(1585200121060564994,'2022-10-26 17:22:15','2024-03-14 15:31:27',1,20,1153478801917579265,1,2,'登录日志',NULL,'/users/login','/users/login/index.vue','/user/admin/log/login/page','',NULL),(1596067580820398082,'2022-11-25 17:05:39','2024-04-07 17:23:21',1,100,1153495948102307842,0,2,'数据',NULL,'/course/record','/course/record/index.vue','/course/admin/user/course/record\n/course/admin/user/study/page\n/course/admin/user/course/comment/page\n/course/admin/user/course/collect/page\n/course/admin/course/view','user:course',NULL),(1627178918674022401,'2023-02-19 13:31:00','2024-02-25 21:08:36',1,110,1567783867401756674,1,3,'视频云初始化',NULL,'',NULL,'/system/admin/sys/config/video/init','sys:config:video:init',NULL),(1752695354816565250,'2024-01-31 22:08:30','2024-04-06 10:48:56',1,1,1160850528846749698,0,2,'数据',NULL,'/users/record','/users/record/index.vue','/course/admin/user/course/page\n/course/admin/user/study/stat\n/course/admin/user/study/page\n/user/admin/users/account/consume/page\n/user/admin/users/view\n/user/admin/order/info/stat','user:record',NULL),(1761735750473347074,'2024-02-25 20:51:49','2024-02-25 21:14:21',1,1,1153478139284656128,1,3,'登录统计',NULL,'','','/user/admin/stat/login','stat:login',NULL),(1761735858141130753,'2024-02-25 20:52:14','2024-02-25 21:14:16',1,1,1153478139284656128,1,3,'视频统计',NULL,'','','/system/admin/stat/vod','stat:vod',NULL),(1776597134042284033,'2024-04-06 21:05:39','2024-04-06 21:05:39',1,1,1153478139284656128,1,3,'数据统计',NULL,'',NULL,'/user/admin/stat/data','stat:data',NULL),(1777217267492196353,'2024-04-08 14:09:50','2024-04-08 14:10:29',1,10,1153478801917579266,1,2,'操作日志',NULL,'/sys/log','/system/log/index.vue','/system/admin/sys/log/page','',NULL),(1790989385130520577,'2024-05-16 14:15:19','2024-05-16 14:15:19',1,6,1153495948102307842,1,3,'同步ES',NULL,'',NULL,'/course/admin/course/es','course:es',NULL);
/*!40000 ALTER TABLE `sys_menu` ENABLE KEYS */;
UNLOCK TABLES;

--
-- Table structure for table `sys_menu_role`
--

DROP TABLE IF EXISTS `sys_menu_role`;
/*!40101 SET @saved_cs_client     = @@character_set_client */;
/*!50503 SET character_set_client = utf8mb4 */;
CREATE TABLE `sys_menu_role` (
  `id` bigint unsigned NOT NULL COMMENT '主键',
  `gmt_create` datetime NOT NULL DEFAULT CURRENT_TIMESTAMP COMMENT '创建时间',
  `gmt_modified` datetime NOT NULL DEFAULT CURRENT_TIMESTAMP ON UPDATE CURRENT_TIMESTAMP COMMENT '修改时间',
  `status_id` tinyint unsigned NOT NULL DEFAULT '1' COMMENT '状态(1:正常，0:禁用)',
  `sort` int unsigned NOT NULL DEFAULT '1' COMMENT '排序',
  `menu_id` bigint unsigned NOT NULL COMMENT '菜单ID',
  `role_id` bigint unsigned NOT NULL COMMENT '角色ID',
  PRIMARY KEY (`id`) USING BTREE
) ENGINE=InnoDB DEFAULT CHARSET=utf8mb4 COLLATE=utf8mb4_0900_ai_ci COMMENT='菜单角色关联表';
/*!40101 SET character_set_client = @saved_cs_client */;

--
-- Dumping data for table `sys_menu_role`
--

LOCK TABLES `sys_menu_role` WRITE;
/*!40000 ALTER TABLE `sys_menu_role` DISABLE KEYS */;
INSERT INTO `sys_menu_role` VALUES (1790274963059716098,'2024-05-14 14:56:27','2024-05-14 14:56:27',1,1,1153478139284656128,3),(1790274963156185089,'2024-05-14 14:56:27','2024-05-14 14:56:27',1,1,1776597134042284033,3),(1790274963193933826,'2024-05-14 14:56:27','2024-05-14 14:56:27',1,1,1761735858141130753,3),(1790274963210711041,'2024-05-14 14:56:27','2024-05-14 14:56:27',1,1,1761735750473347074,3),(1790274963231682561,'2024-05-14 14:56:27','2024-05-14 14:56:27',1,1,1153493010483089409,3),(1790274963248459777,'2024-05-14 14:56:27','2024-05-14 14:56:27',1,1,1154683387156230146,3),(1790274963265236993,'2024-05-14 14:56:27','2024-05-14 14:56:27',1,1,1596067580820398082,3),(1790274963315568642,'2024-05-14 14:56:27','2024-05-14 14:56:27',1,1,1752695354816565250,3),(1790274963336540162,'2024-05-14 14:56:27','2024-05-14 14:56:27',1,1,1585200121060564994,3),(1790274963353317378,'2024-05-14 14:56:27','2024-05-14 14:56:27',1,1,1777217267492196353,3),(1790274963403649025,'2024-05-14 14:56:27','2024-05-14 14:56:27',1,1,1153478139284656129,3),(1790274963433009153,'2024-05-14 14:56:27','2024-05-14 14:56:27',1,1,1153494438295474177,3),(1790274963458174978,'2024-05-14 14:56:27','2024-05-14 14:56:27',1,1,1153493835884367873,3),(1790274963474952193,'2024-05-14 14:56:27','2024-05-14 14:56:27',1,1,1153494935626682369,3),(1790274963491729409,'2024-05-14 14:56:27','2024-05-14 14:56:27',1,1,1153495155055890433,3),(1790274963508506626,'2024-05-14 14:56:27','2024-05-14 14:56:27',1,1,1153478559176429569,3),(1790274963525283842,'2024-05-14 14:56:27','2024-05-14 14:56:27',1,1,1153495948102307842,3),(1790274963546255361,'2024-05-14 14:56:27','2024-05-14 14:56:27',1,1,1565592545140002818,3),(1790274963558838273,'2024-05-14 14:56:27','2024-05-14 14:56:27',1,1,1153496241066053634,3),(1790274963579809794,'2024-05-14 14:56:27','2024-05-14 14:56:27',1,1,1153478801917579265,3),(1790274963617558530,'2024-05-14 14:56:27','2024-05-14 14:56:27',1,1,1160850528846749698,3),(1790274963684667393,'2024-05-14 14:56:27','2024-05-14 14:56:27',1,1,1153496795896975361,3),(1790274963755970561,'2024-05-14 14:56:27','2024-05-14 14:56:27',1,1,1153478801917579266,3),(1790274963814690817,'2024-05-14 14:56:27','2024-05-14 14:56:27',1,1,1153498940276838401,3),(1790274963890188290,'2024-05-14 14:56:27','2024-05-14 14:56:27',1,1,1153499292782923778,3),(1790274963902771202,'2024-05-14 14:56:27','2024-05-14 14:56:27',1,1,1153499423880089601,3),(1790989660587241474,'2024-05-16 14:16:24','2024-05-16 14:16:24',1,1,1153478139284656128,1),(1790989660604018690,'2024-05-16 14:16:24','2024-05-16 14:16:24',1,1,1776597134042284033,1),(1790989660624990209,'2024-05-16 14:16:24','2024-05-16 14:16:24',1,1,1761735858141130753,1),(1790989660671127554,'2024-05-16 14:16:24','2024-05-16 14:16:24',1,1,1761735750473347074,1),(1790989660683710465,'2024-05-16 14:16:24','2024-05-16 14:16:24',1,1,1153478139284656129,1),(1790989660704681985,'2024-05-16 14:16:24','2024-05-16 14:16:24',1,1,1153493010483089409,1),(1790989660717264898,'2024-05-16 14:16:24','2024-05-16 14:16:24',1,1,1154683387156230146,1),(1790989660742430722,'2024-05-16 14:16:24','2024-05-16 14:16:24',1,1,1153494438295474177,1),(1790989660755013634,'2024-05-16 14:16:24','2024-05-16 14:16:24',1,1,1574291916324945922,1),(1790989660767596545,'2024-05-16 14:16:24','2024-05-16 14:16:24',1,1,1156032296088510465,1),(1790989660784373762,'2024-05-16 14:16:24','2024-05-16 14:16:24',1,1,1156032474489036801,1),(1790989660796956674,'2024-05-16 14:16:24','2024-05-16 14:16:24',1,1,1156033449756991490,1),(1790989660813733889,'2024-05-16 14:16:24','2024-05-16 14:16:24',1,1,1153493835884367873,1),(1790989660826316801,'2024-05-16 14:16:24','2024-05-16 14:16:24',1,1,1156030361037971458,1),(1790989660843094017,'2024-05-16 14:16:24','2024-05-16 14:16:24',1,1,1156037020263129089,1),(1790989660855676929,'2024-05-16 14:16:24','2024-05-16 14:16:24',1,1,1156030992003899394,1),(1790989660901814274,'2024-05-16 14:16:24','2024-05-16 14:16:24',1,1,1153494935626682369,1),(1790989660918591490,'2024-05-16 14:16:24','2024-05-16 14:16:24',1,1,1156039959035781122,1),(1790989660931174401,'2024-05-16 14:16:24','2024-05-16 14:16:24',1,1,1156040289144283137,1),(1790989660947951618,'2024-05-16 14:16:24','2024-05-16 14:16:24',1,1,1156040630476742658,1),(1790989660977311746,'2024-05-16 14:16:24','2024-05-16 14:16:24',1,1,1153495155055890433,1),(1790989660994088962,'2024-05-16 14:16:24','2024-05-16 14:16:24',1,1,1156099301554528257,1),(1790989661015060482,'2024-05-16 14:16:24','2024-05-16 14:16:24',1,1,1156099420307857410,1),(1790989661031837698,'2024-05-16 14:16:24','2024-05-16 14:16:24',1,1,1156099620929806338,1),(1790989661052809217,'2024-05-16 14:16:24','2024-05-16 14:16:24',1,1,1153478559176429569,1),(1790989661124112386,'2024-05-16 14:16:24','2024-05-16 14:16:24',1,1,1153495948102307842,1),(1790989661145083906,'2024-05-16 14:16:24','2024-05-16 14:16:24',1,1,1156102063474352129,1),(1790989661161861121,'2024-05-16 14:16:24','2024-05-16 14:16:24',1,1,1573492202025254913,1),(1790989661182832641,'2024-05-16 14:16:24','2024-05-16 14:16:24',1,1,1573492156370255874,1),(1790989661199609857,'2024-05-16 14:16:24','2024-05-16 14:16:24',1,1,1790989385130520577,1),(1790989661216387073,'2024-05-16 14:16:24','2024-05-16 14:16:24',1,1,1596067580820398082,1),(1790989661233164290,'2024-05-16 14:16:24','2024-05-16 14:16:24',1,1,1574287231530647553,1),(1790989661270913026,'2024-05-16 14:16:24','2024-05-16 14:16:24',1,1,1565592545140002818,1),(1790989661283495938,'2024-05-16 14:16:24','2024-05-16 14:16:24',1,1,1573492379121352706,1),(1790989661304467457,'2024-05-16 14:16:24','2024-05-16 14:16:24',1,1,1573492445341024258,1),(1790989661350604802,'2024-05-16 14:16:24','2024-05-16 14:16:24',1,1,1573492482569666562,1),(1790989661367382018,'2024-05-16 14:16:24','2024-05-16 14:16:24',1,1,1153496241066053634,1),(1790989661388353537,'2024-05-16 14:16:24','2024-05-16 14:16:24',1,1,1156389834885701634,1),(1790989661409325058,'2024-05-16 14:16:24','2024-05-16 14:16:24',1,1,1156389609588662274,1),(1790989661426102274,'2024-05-16 14:16:24','2024-05-16 14:16:24',1,1,1156390300390531073,1),(1790989661442879489,'2024-05-16 14:16:24','2024-05-16 14:16:24',1,1,1153478801917579265,1),(1790989661459656705,'2024-05-16 14:16:24','2024-05-16 14:16:24',1,1,1160850528846749698,1),(1790989661472239617,'2024-05-16 14:16:24','2024-05-16 14:16:24',1,1,1752695354816565250,1),(1790989661489016834,'2024-05-16 14:16:24','2024-05-16 14:16:24',1,1,1160851003339972610,1),(1790989661501599746,'2024-05-16 14:16:24','2024-05-16 14:16:24',1,1,1153496795896975361,1),(1790989661518376962,'2024-05-16 14:16:24','2024-05-16 14:16:24',1,1,1156393404230017026,1),(1790989661535154177,'2024-05-16 14:16:24','2024-05-16 14:16:24',1,1,1573493755847114754,1),(1790989661547737090,'2024-05-16 14:16:24','2024-05-16 14:16:24',1,1,1573493794539569154,1),(1790989661564514306,'2024-05-16 14:16:24','2024-05-16 14:16:24',1,1,1585200121060564994,1),(1790989661581291522,'2024-05-16 14:16:24','2024-05-16 14:16:24',1,1,1153478801917579266,1),(1790989661598068737,'2024-05-16 14:16:24','2024-05-16 14:16:24',1,1,1567783867401756674,1),(1790989661610651649,'2024-05-16 14:16:24','2024-05-16 14:16:24',1,1,1573494211377889282,1),(1790989661623234562,'2024-05-16 14:16:24','2024-05-16 14:16:24',1,1,1627178918674022401,1),(1790989661640011777,'2024-05-16 14:16:24','2024-05-16 14:16:24',1,1,1153498940276838401,1),(1790989661652594690,'2024-05-16 14:16:24','2024-05-16 14:16:24',1,1,1156467976803459073,1),(1790989661669371906,'2024-05-16 14:16:24','2024-05-16 14:16:24',1,1,1156468115706224642,1),(1790989661690343426,'2024-05-16 14:16:24','2024-05-16 14:16:24',1,1,1156471160762540033,1),(1790989661707120642,'2024-05-16 14:16:24','2024-05-16 14:16:24',1,1,1156472210034794497,1),(1790989661719703554,'2024-05-16 14:16:24','2024-05-16 14:16:24',1,1,1156471428245889026,1),(1790989661736480770,'2024-05-16 14:16:24','2024-05-16 14:16:24',1,1,1153499292782923778,1),(1790989661753257986,'2024-05-16 14:16:24','2024-05-16 14:16:24',1,1,1156473846425722881,1),(1790989661765840898,'2024-05-16 14:16:25','2024-05-16 14:16:25',1,1,1156474159387910146,1),(1790989661786812418,'2024-05-16 14:16:25','2024-05-16 14:16:25',1,1,1156475549820657665,1),(1790989661807783937,'2024-05-16 14:16:25','2024-05-16 14:16:25',1,1,1156475975043391490,1),(1790989661858115585,'2024-05-16 14:16:25','2024-05-16 14:16:25',1,1,1153499423880089601,1),(1790989661870698497,'2024-05-16 14:16:25','2024-05-16 14:16:25',1,1,1156477233678524418,1),(1790989661883281410,'2024-05-16 14:16:25','2024-05-16 14:16:25',1,1,1156477431565787138,1),(1790989661900058625,'2024-05-16 14:16:25','2024-05-16 14:16:25',1,1,1156478738817097730,1),(1790989661912641537,'2024-05-16 14:16:25','2024-05-16 14:16:25',1,1,1777217267492196353,1);
/*!40000 ALTER TABLE `sys_menu_role` ENABLE KEYS */;
UNLOCK TABLES;

--
-- Table structure for table `sys_role`
--

DROP TABLE IF EXISTS `sys_role`;
/*!40101 SET @saved_cs_client     = @@character_set_client */;
/*!50503 SET character_set_client = utf8mb4 */;
CREATE TABLE `sys_role` (
  `id` bigint unsigned NOT NULL COMMENT '主键',
  `gmt_create` datetime NOT NULL DEFAULT CURRENT_TIMESTAMP COMMENT '创建时间',
  `gmt_modified` datetime NOT NULL DEFAULT CURRENT_TIMESTAMP ON UPDATE CURRENT_TIMESTAMP COMMENT '修改时间',
  `status_id` tinyint unsigned NOT NULL DEFAULT '1' COMMENT '状态(1:正常，0:禁用)',
  `sort` int unsigned NOT NULL DEFAULT '1' COMMENT '排序',
  `role_name` varchar(50) CHARACTER SET utf8mb4 COLLATE utf8mb4_0900_ai_ci NOT NULL COMMENT '名称',
  `remark` varchar(255) CHARACTER SET utf8mb4 COLLATE utf8mb4_0900_ai_ci NOT NULL DEFAULT '' COMMENT '备注',
  PRIMARY KEY (`id`) USING BTREE
) ENGINE=InnoDB DEFAULT CHARSET=utf8mb4 COLLATE=utf8mb4_0900_ai_ci COMMENT='角色信息';
/*!40101 SET character_set_client = @saved_cs_client */;

--
-- Dumping data for table `sys_role`
--

LOCK TABLES `sys_role` WRITE;
/*!40000 ALTER TABLE `sys_role` DISABLE KEYS */;
INSERT INTO `sys_role` VALUES (1,'2018-02-06 15:47:52','2024-05-07 11:39:25',1,3,'超级管理员','全部权限'),(3,'2018-12-28 18:23:38','2024-04-17 14:40:42',1,1,'演示角色','仅有查看功能');
/*!40000 ALTER TABLE `sys_role` ENABLE KEYS */;
UNLOCK TABLES;

--
-- Table structure for table `sys_role_user`
--

DROP TABLE IF EXISTS `sys_role_user`;
/*!40101 SET @saved_cs_client     = @@character_set_client */;
/*!50503 SET character_set_client = utf8mb4 */;
CREATE TABLE `sys_role_user` (
  `id` bigint unsigned NOT NULL COMMENT '主键',
  `gmt_create` datetime NOT NULL DEFAULT CURRENT_TIMESTAMP COMMENT '创建时间',
  `gmt_modified` datetime NOT NULL DEFAULT CURRENT_TIMESTAMP ON UPDATE CURRENT_TIMESTAMP COMMENT '修改时间',
  `status_id` tinyint unsigned NOT NULL DEFAULT '1' COMMENT '状态(1:正常，0:禁用)',
  `sort` int unsigned NOT NULL DEFAULT '1' COMMENT '排序',
  `role_id` bigint unsigned NOT NULL COMMENT '角色ID',
  `user_id` bigint unsigned NOT NULL DEFAULT '0' COMMENT '用户ID',
  PRIMARY KEY (`id`) USING BTREE
) ENGINE=InnoDB DEFAULT CHARSET=utf8mb4 COLLATE=utf8mb4_0900_ai_ci COMMENT='角色用户关联表';
/*!40101 SET character_set_client = @saved_cs_client */;

--
-- Dumping data for table `sys_role_user`
--

LOCK TABLES `sys_role_user` WRITE;
/*!40000 ALTER TABLE `sys_role_user` DISABLE KEYS */;
INSERT INTO `sys_role_user` VALUES (1751190077218832386,'2024-01-27 18:27:04','2024-01-27 18:27:04',1,1,3,3),(1769964849482235905,'2024-03-19 13:51:19','2024-03-19 13:51:19',1,1,1,2),(1787689374584008705,'2024-05-07 11:42:15','2024-05-07 11:42:15',1,1,1,1656129262824996866);
/*!40000 ALTER TABLE `sys_role_user` ENABLE KEYS */;
UNLOCK TABLES;

--
-- Table structure for table `sys_user`
--

DROP TABLE IF EXISTS `sys_user`;
/*!40101 SET @saved_cs_client     = @@character_set_client */;
/*!50503 SET character_set_client = utf8mb4 */;
CREATE TABLE `sys_user` (
  `id` bigint unsigned NOT NULL COMMENT '主键',
  `gmt_create` datetime NOT NULL DEFAULT CURRENT_TIMESTAMP COMMENT '创建时间',
  `gmt_modified` datetime NOT NULL DEFAULT CURRENT_TIMESTAMP ON UPDATE CURRENT_TIMESTAMP COMMENT '修改时间',
  `status_id` tinyint unsigned NOT NULL DEFAULT '1' COMMENT '状态(1:正常，0:禁用)',
  `sort` int unsigned NOT NULL DEFAULT '1' COMMENT '排序',
  `mobile` char(11) CHARACTER SET utf8mb4 COLLATE utf8mb4_0900_ai_ci NOT NULL DEFAULT '' COMMENT '手机',
  `mobile_salt` varchar(36) CHARACTER SET utf8mb4 COLLATE utf8mb4_0900_ai_ci NOT NULL COMMENT '密码盐',
  `mobile_psw` varchar(255) CHARACTER SET utf8mb4 COLLATE utf8mb4_0900_ai_ci NOT NULL COMMENT '登录密码',
  `real_name` varchar(50) CHARACTER SET utf8mb4 COLLATE utf8mb4_0900_ai_ci NOT NULL COMMENT '真实姓名',
  `remark` varchar(255) CHARACTER SET utf8mb4 COLLATE utf8mb4_0900_ai_ci DEFAULT NULL COMMENT '备注',
  PRIMARY KEY (`id`) USING BTREE,
  UNIQUE KEY `AK_phone` (`mobile`) USING BTREE
) ENGINE=InnoDB DEFAULT CHARSET=utf8mb4 COLLATE=utf8mb4_0900_ai_ci COMMENT='后台用户信息';
/*!40101 SET character_set_client = @saved_cs_client */;

--
-- Dumping data for table `sys_user`
--

LOCK TABLES `sys_user` WRITE;
/*!40000 ALTER TABLE `sys_user` DISABLE KEYS */;
INSERT INTO `sys_user` VALUES (2,'2022-09-28 20:24:35','2024-06-04 11:36:55',1,4,'18800000000','944d1d37c8b647bb94b317b4570987d1','9755BE1D6246E86615788C493E75A651985F1A23','超级管理员','系统所有权限'),(3,'2018-12-28 16:57:47','2024-05-18 12:58:56',1,3,'13300000000','7eee6feca86d428ea123c9130cb5927d','EBE15DD3DD12928E8BEB3902FD31E4E03268928A','演示用户','只有查看权限'),(1656129262824996866,'2023-05-10 10:49:20','2024-06-04 11:36:47',1,5,'18302045627','6a8a711910cc45188db256811e49d6df','A57C472BFA9486CD98FB4DBF419CDE63DF321E52','冯老师','可提供有偿指导');
/*!40000 ALTER TABLE `sys_user` ENABLE KEYS */;
UNLOCK TABLES;

--
-- Table structure for table `undo_log`
--

DROP TABLE IF EXISTS `undo_log`;
/*!40101 SET @saved_cs_client     = @@character_set_client */;
/*!50503 SET character_set_client = utf8mb4 */;
CREATE TABLE `undo_log` (
  `branch_id` bigint NOT NULL COMMENT 'branch transaction id',
  `xid` varchar(128) CHARACTER SET utf8mb4 COLLATE utf8mb4_0900_ai_ci NOT NULL COMMENT 'global transaction id',
  `context` varchar(128) CHARACTER SET utf8mb4 COLLATE utf8mb4_0900_ai_ci NOT NULL COMMENT 'undo_log context,such as serialization',
  `rollback_info` longblob NOT NULL COMMENT 'rollback info',
  `log_status` int NOT NULL COMMENT '0:normal status,1:defense status',
  `log_created` datetime(6) NOT NULL COMMENT 'create datetime',
  `log_modified` datetime(6) NOT NULL COMMENT 'modify datetime',
  UNIQUE KEY `ux_undo_log` (`xid`,`branch_id`) USING BTREE
) ENGINE=InnoDB DEFAULT CHARSET=utf8mb4 COLLATE=utf8mb4_0900_ai_ci ROW_FORMAT=DYNAMIC COMMENT='AT transaction mode undo table';
/*!40101 SET character_set_client = @saved_cs_client */;

--
-- Dumping data for table `undo_log`
--

LOCK TABLES `undo_log` WRITE;
/*!40000 ALTER TABLE `undo_log` DISABLE KEYS */;
/*!40000 ALTER TABLE `undo_log` ENABLE KEYS */;
UNLOCK TABLES;

--
-- Table structure for table `website_carousel`
--

DROP TABLE IF EXISTS `website_carousel`;
/*!40101 SET @saved_cs_client     = @@character_set_client */;
/*!50503 SET character_set_client = utf8mb4 */;
CREATE TABLE `website_carousel` (
  `id` bigint unsigned NOT NULL COMMENT '主键',
  `gmt_create` datetime NOT NULL DEFAULT CURRENT_TIMESTAMP COMMENT '创建时间',
  `gmt_modified` datetime NOT NULL DEFAULT CURRENT_TIMESTAMP COMMENT '修改时间',
  `status_id` tinyint unsigned NOT NULL DEFAULT '1' COMMENT '状态(1:正常，0:禁用)',
  `sort` int unsigned NOT NULL DEFAULT '1' COMMENT '排序',
  `carousel_title` varchar(255) CHARACTER SET utf8mb4 COLLATE utf8mb4_0900_ai_ci NOT NULL DEFAULT '' COMMENT '广告标题',
  `carousel_img` varchar(255) CHARACTER SET utf8mb4 COLLATE utf8mb4_0900_ai_ci NOT NULL DEFAULT '' COMMENT '广告图片',
  `carousel_url` varchar(255) CHARACTER SET utf8mb4 COLLATE utf8mb4_0900_ai_ci NOT NULL COMMENT '广告链接',
  `carousel_target` tinyint NOT NULL COMMENT '广告跳转方式',
  `begin_time` datetime DEFAULT NULL COMMENT '开始时间',
  `end_time` datetime DEFAULT NULL COMMENT '结束时间',
  PRIMARY KEY (`id`) USING BTREE
) ENGINE=InnoDB DEFAULT CHARSET=utf8mb4 COLLATE=utf8mb4_0900_ai_ci ROW_FORMAT=DYNAMIC COMMENT='广告信息';
/*!40101 SET character_set_client = @saved_cs_client */;

--
-- Dumping data for table `website_carousel`
--

LOCK TABLES `website_carousel` WRITE;
/*!40000 ALTER TABLE `website_carousel` DISABLE KEYS */;
INSERT INTO `website_carousel` VALUES (1,'1899-12-30 01:00:00','1899-12-30 01:00:00',1,1,'领课教育系统','http://127.0.0.1:9000/education/public/456bd9f6ca2c4cd0849717313d8b3e9a.jpg','https://www.douyin.com/',1,'2019-01-01 08:00:00','2029-12-31 08:00:00'),(4,'1899-12-30 01:00:00','1899-12-30 01:00:00',1,2,'视频点播宣传','http://127.0.0.1:9000/education/public/456e447472a54384ab3f868e12a06a3f.jpg','https://www.douyin.com/',1,'2019-01-01 10:02:02','2029-12-31 08:00:00');
/*!40000 ALTER TABLE `website_carousel` ENABLE KEYS */;
UNLOCK TABLES;

--
-- Table structure for table `website_link`
--

DROP TABLE IF EXISTS `website_link`;
/*!40101 SET @saved_cs_client     = @@character_set_client */;
/*!50503 SET character_set_client = utf8mb4 */;
CREATE TABLE `website_link` (
  `id` bigint NOT NULL COMMENT '主键',
  `gmt_create` datetime NOT NULL DEFAULT CURRENT_TIMESTAMP COMMENT '创建时间',
  `gmt_modified` datetime DEFAULT CURRENT_TIMESTAMP COMMENT '修改时间',
  `status_id` tinyint unsigned NOT NULL DEFAULT '1' COMMENT '状态(1有效, 0无效)',
  `sort` int NOT NULL DEFAULT '1' COMMENT '排序',
  `link_name` varchar(25) CHARACTER SET utf8mb4 COLLATE utf8mb4_0900_ai_ci NOT NULL COMMENT '名称',
  `link_url` varchar(255) CHARACTER SET utf8mb4 COLLATE utf8mb4_0900_ai_ci NOT NULL COMMENT '链接',
  `link_target` tinyint NOT NULL COMMENT '跳转方式',
  PRIMARY KEY (`id`) USING BTREE
) ENGINE=InnoDB DEFAULT CHARSET=utf8mb4 COLLATE=utf8mb4_0900_ai_ci ROW_FORMAT=DYNAMIC COMMENT='站点友情链接';
/*!40101 SET character_set_client = @saved_cs_client */;

--
-- Dumping data for table `website_link`
--

LOCK TABLES `website_link` WRITE;
/*!40000 ALTER TABLE `website_link` DISABLE KEYS */;
INSERT INTO `website_link` VALUES (1143825091871023106,'2019-06-26 18:17:18','2019-06-26 18:17:18',1,2,'人为灾害','https://www.baidu.com/',1),(1790569180659134465,'2024-05-15 10:25:34','2024-05-15 10:25:34',1,1,'常见自然灾害类型与特','https://www.baidu.com/',1);
/*!40000 ALTER TABLE `website_link` ENABLE KEYS */;
UNLOCK TABLES;

--
-- Table structure for table `website_nav`
--

DROP TABLE IF EXISTS `website_nav`;
/*!40101 SET @saved_cs_client     = @@character_set_client */;
/*!50503 SET character_set_client = utf8mb4 */;
CREATE TABLE `website_nav` (
  `id` bigint NOT NULL DEFAULT '0' COMMENT '主键',
  `gmt_create` datetime NOT NULL DEFAULT CURRENT_TIMESTAMP COMMENT '创建时间',
  `gmt_modified` datetime DEFAULT CURRENT_TIMESTAMP ON UPDATE CURRENT_TIMESTAMP COMMENT '修改时间',
  `status_id` tinyint unsigned NOT NULL DEFAULT '1' COMMENT '状态(1有效, 0无效)',
  `sort` int NOT NULL DEFAULT '1' COMMENT '排序',
  `nav_title` varchar(10) CHARACTER SET utf8mb4 COLLATE utf8mb4_0900_ai_ci DEFAULT NULL COMMENT '导航标题',
  `nav_url` varchar(255) CHARACTER SET utf8mb4 COLLATE utf8mb4_0900_ai_ci DEFAULT NULL COMMENT '导航url',
  `nav_target` tinyint DEFAULT NULL COMMENT '跳转方式',
  PRIMARY KEY (`id`) USING BTREE
) ENGINE=InnoDB DEFAULT CHARSET=utf8mb4 COLLATE=utf8mb4_0900_ai_ci ROW_FORMAT=DYNAMIC COMMENT='头部导航';
/*!40101 SET character_set_client = @saved_cs_client */;

--
-- Dumping data for table `website_nav`
--

LOCK TABLES `website_nav` WRITE;
/*!40000 ALTER TABLE `website_nav` DISABLE KEYS */;
INSERT INTO `website_nav` VALUES (1064696486139854849,'2018-11-20 09:47:57','2024-05-10 21:17:19',1,1,'首页','/',2),(1064696486139854850,'2018-11-07 17:09:32','2024-05-17 21:18:12',1,2,'课程列表','/course/list',2),(1777989846901530626,'2024-04-10 17:19:47','2024-05-15 11:28:12',1,3,'讲师列表','/lecturer/list',2);
/*!40000 ALTER TABLE `website_nav` ENABLE KEYS */;
UNLOCK TABLES;

--
-- Dumping routines for database 'os_system'
--
/*!40103 SET TIME_ZONE=@OLD_TIME_ZONE */;

/*!40101 SET SQL_MODE=@OLD_SQL_MODE */;
/*!40014 SET FOREIGN_KEY_CHECKS=@OLD_FOREIGN_KEY_CHECKS */;
/*!40014 SET UNIQUE_CHECKS=@OLD_UNIQUE_CHECKS */;
/*!40101 SET CHARACTER_SET_CLIENT=@OLD_CHARACTER_SET_CLIENT */;
/*!40101 SET CHARACTER_SET_RESULTS=@OLD_CHARACTER_SET_RESULTS */;
/*!40101 SET COLLATION_CONNECTION=@OLD_COLLATION_CONNECTION */;
/*!40111 SET SQL_NOTES=@OLD_SQL_NOTES */;

-- Dump completed on 2025-06-19 19:06:53
